Workbook

Sheet copynumber_CRREL
A1: sample_name | B1: sample | C1: sample_ID | D1: site | E1: core | F1: pre_post_thaw | G1: copy_numb
A2: 1_S72_L002 | B2: 1 | C2: AT3_R5_POST_SOIL | D2: CRREL | E2: AT3 | F2: post | G2: 971044.72
A3: 2_S73_L002 | B3: 2 | C3: AT3_R6_POST_SOIL | D3: CRREL | E3: AT3 | F3: post | G3: 395917.98
A4: 4_S75_L002 | B4: 4 | C4: AT3_R8_POST_SOIL | D4: CRREL | E4: AT3 | F4: post | G4: 694422.95
A5: 6_S77_L002 | B5: 6 | C5: AT4_R6_POST_SOIL | D5: CRREL | E5: AT4 | F5: post | G5: 459943.68
A6: 7_S78_L002 | B6: 7 | C6: AT4_R7_POST_SOIL | D6: CRREL | E6: AT4 | F6: post | G6: 139614.26
A7: 8_S79_L002 | B7: 8 | C7: AT4_R8_POST_SOIL | D7: CRREL | E7: AT4 | F7: post | G7: 136771.2
A8: 29_S100_L002 | B8: 29 | C8: AT4_R5_PRE_SOIL | D8: CRREL | E8: AT4 | F8: pre | G8: 179133.24
A9: 31_S102_L002 | B9: 31 | C9: AT4_R7_PRE_SOIL | D9: CRREL | E9: AT4 | F9: pre | G9: 278315.01
A10: 32_S103_L002 | B10: 32 | C10: AT4_R8_PRE_SOIL | D10: CRREL | E10: AT4 | F10: pre | G10: 646221.61

Sheet OTU_CRREL
B1: X1_S1_L001_reseq | C1: X2_S73_L002 | D1: X4_S75_L002 | E1: X3_S3_L001_reseq | F1: X5_S5_L001_reseq | G1: X6_S6_L001_reseq (8) | H1: X29_S100_L002 | I1: X31_S102_L002 | J1: X4_S4_L001_reseq
A2: ASV_1 | B2: 18 | C2: 477 | D2: 41 | E2: 0 | F2: 104 | G2: 93 | H2: 0 | I2: 0 | J2: 0
A3: ASV_2 | B3: 9 | C3: 0 | D3: 0 | E3: 3 | F3: 4 | G3: 1 | H3: 0 | I3: 23 | J3: 6
A4: ASV_3 | B4: 42 | C4: 36 | D4: 64 | E4: 105 | F4: 38 | G4: 22 | H4: 103 | I4: 94 | J4: 80
A5: ASV_4 | B5: 74 | C5: 61 | D5: 70 | E5: 2 | F5: 443 | G5: 718 | H5: 0 | I5: 9 | J5: 4
A6: ASV_5 | B6: 116 | C6: 143 | D6: 113 | E6: 70 | F6: 58 | G6: 73 | H6: 145 | I6: 149 | J6: 124
A7: ASV_6 | B7: 25 | C7: 33 | D7: 27 | E7: 25 | F7: 4 | G7: 16 | H7: 0 | I7: 0 | J7: 17
A8: ASV_7 | B8: 0 | C8: 0 | D8: 0 | E8: 0 | F8: 0 | G8: 0 | H8: 0 | I8: 0 | J8: 0
A9: ASV_9 | B9: 157 | C9: 684 | D9: 86 | E9: 0 | F9: 740 | G9: 64 | H9: 0 | I9: 0 | J9: 0
A10: ASV_10 | B10: 97 | C10: 85 | D10: 174 | E10: 150 | F10: 110 | G10: 85 | H10: 224 | I10: 232 | J10: 174
A11: ASV_11 | B11: 11 | C11: 0 | D11: 21 | E11: 6 | F11: 0 | G11: 4 | H11: 0 | I11: 0 | J11: 4
A12: ASV_12 | B12: 623 | C12: 193 | D12: 641 | E12: 1 | F12: 304 | G12: 166 | H12: 0 | I12: 0 | J12: 1
A13: ASV_15 | B13: 28 | C13: 19 | D13: 0 | E13: 20 | F13: 6 | G13: 2 | H13: 24 | I13: 26 | J13: 26
... A3762: ASV_24147 | B3762: 0 | C3762: 0 | D3762: 0 | E3762: 0 | F3762: 0 | G3762: 0 | H3762: 0 | I3762: 0 | J3762: 0

Sheet absabund_CRREL
A1: ASV | B1: X1_S1_L001_reseq | C1: X2_S73_L002 | D1: X4_S75_L002 | E1: X3_S3_L001_reseq | F1: X5_S5_L001_reseq | G1: X6_S6_L001_reseq | H1: X29_S100_L002 | I1: X31_S102_L002 | J1: X4_S4_L001_reseq
A2: ASV_1 | B2: =OTU_CRREL!B2*copynumber_CRREL!$G$2 -> 17478805 | C2: =OTU_CRREL!C2*copynumber_CRREL!$G$3 -> 1.8885288e+08 | D2: =OTU_CRREL!D2*copynumber_CRREL!$G$4 -> 28471341 | E2: =OTU_CRREL!E2*copynumber_CRREL!$G$5 -> 0 | F2: =OTU_CRREL!F2*copynumber_CRREL!$G$6 -> 14519883 | G2: =OTU_CRREL!G2*copynumber_CRREL!$G$7 -> 12719722 | H2: =OTU_CRREL!H2*copynumber_CRREL!$G$8 -> 0 | I2: =OTU_CRREL!I2*copynumber_CRREL!$G$9 -> 0 | J2: =OTU_CRREL!J2*copynumber_CRREL!$G$10 -> 0
A3: ASV_2 | B3: =OTU_CRREL!B3*copynumber_CRREL!$G$2 -> 8739402.5 | C3: =OTU_CRREL!C3*copynumber_CRREL!$G$3 -> 0 | D3: =OTU_CRREL!D3*copynumber_CRREL!$G$4 -> 0 | E3: =OTU_CRREL!E3*copynumber_CRREL!$G$5 -> 1379831.1 | F3: =OTU_CRREL!F3*copynumber_CRREL!$G$6 -> 558457.03 | G3: =OTU_CRREL!G3*copynumber_CRREL!$G$7 -> 136771.2 | H3: =OTU_CRREL!H3*copynumber_CRREL!$G$8 -> 0 | I3: =OTU_CRREL!I3*copynumber_CRREL!$G$9 -> 6401245.3 | J3: =OTU_CRREL!J3*copynumber_CRREL!$G$10 -> 3877329.7
A4: ASV_3 | B4: =OTU_CRREL!B4*copynumber_CRREL!$G$2 -> 40783878 | C4: =OTU_CRREL!C4*copynumber_CRREL!$G$3 -> 14253047 | D4: =OTU_CRREL!D4*copynumber_CRREL!$G$4 -> 44443069 | E4: =OTU_CRREL!E4*copynumber_CRREL!$G$5 -> 48294087 | F4: =OTU_CRREL!F4*copynumber_CRREL!$G$6 -> 5305341.7 | G4: =OTU_CRREL!G4*copynumber_CRREL!$G$7 -> 3008966.4 | H4: =OTU_CRREL!H4*copynumber_CRREL!$G$8 -> 18450723 | I4: =OTU_CRREL!I4*copynumber_CRREL!$G$9 -> 26161611 | J4: =OTU_CRREL!J4*copynumber_CRREL!$G$10 -> 51697729
A5: ASV_4 | B5: =OTU_CRREL!B5*copynumber_CRREL!G2 -> 71857309 | C5: =OTU_CRREL!C5*copynumber_CRREL!$G$3 -> 24150997 | D5: =OTU_CRREL!D5*copynumber_CRREL!$G$4 -> 48609606 | E5: =OTU_CRREL!E5*copynumber_CRREL!$G$5 -> 919887.37 | F5: =OTU_CRREL!F5*copynumber_CRREL!$G$6 -> 61849116 | G5: =OTU_CRREL!G5*copynumber_CRREL!$G$7 -> 98201721 | H5: =OTU_CRREL!H5*copynumber_CRREL!$G$8 -> 0 | I5: =OTU_CRREL!I5*copynumber_CRREL!$G$9 -> 2504835.1 | J5: =OTU_CRREL!J5*copynumber_CRREL!$G$10 -> 2584886.5
A6: ASV_5 | B6: =OTU_CRREL!B6*copynumber_CRREL!$G$2 -> 1.1264119e+08 | C6: =OTU_CRREL!C6*copynumber_CRREL!$G$3 -> 56616271 | D6: =OTU_CRREL!D6*copynumber_CRREL!$G$4 -> 78469793 | E6: =OTU_CRREL!E6*copynumber_CRREL!$G$5 -> 32196058 | F6: =OTU_CRREL!F6*copynumber_CRREL!$G$6 -> 8097626.9 | G6: =OTU_CRREL!G6*copynumber_CRREL!$G$7 -> 9984297.5 | H6: =OTU_CRREL!H6*copynumber_CRREL!$G$8 -> 25974319 | I6: =OTU_CRREL!I6*copynumber_CRREL!$G$9 -> 41468937 | J6: =OTU_CRREL!J6*copynumber_CRREL!$G$10 -> 80131480
A7: ASV_6 | B7: =OTU_CRREL!B7*copynumber_CRREL!$G$2 -> 24276118 | C7: =OTU_CRREL!C7*copynumber_CRREL!$G$3 -> 13065293 | D7: =OTU_CRREL!D7*copynumber_CRREL!$G$4 -> 18749420 | E7: =OTU_CRREL!E7*copynumber_CRREL!$G$5 -> 11498592 | F7: =OTU_CRREL!F7*copynumber_CRREL!$G$6 -> 558457.03 | G7: =OTU_CRREL!G7*copynumber_CRREL!$G$7 -> 2188339.2 | H7: =OTU_CRREL!H7*copynumber_CRREL!$G$8 -> 0 | I7: =OTU_CRREL!I7*copynumber_CRREL!$G$9 -> 0 | J7: =OTU_CRREL!J7*copynumber_CRREL!$G$10 -> 10985767
A8: ASV_7 | B8: =OTU_CRREL!B8*copynumber_CRREL!$G$2 -> 0 | C8: =OTU_CRREL!C8*copynumber_CRREL!$G$3 -> 0 | D8: =OTU_CRREL!D8*copynumber_CRREL!$G$4 -> 0 | E8: =OTU_CRREL!E8*copynumber_CRREL!$G$5 -> 0 | F8: =OTU_CRREL!F8*copynumber_CRREL!$G$6 -> 0 | G8: =OTU_CRREL!G8*copynumber_CRREL!$G$7 -> 0 | H8: =OTU_CRREL!H8*copynumber_CRREL!$G$8 -> 0 | I8: =OTU_CRREL!I8*copynumber_CRREL!$G$9 -> 0 | J8: =OTU_CRREL!J8*copynumber_CRREL!$G$10 -> 0
A9: ASV_9 | B9: =OTU_CRREL!B9*copynumber_CRREL!$G$2 -> 1.5245402e+08 | C9: =OTU_CRREL!C9*copynumber_CRREL!$G$3 -> 2.708079e+08 | D9: =OTU_CRREL!D9*copynumber_CRREL!$G$4 -> 59720374 | E9: =OTU_CRREL!E9*copynumber_CRREL!$G$5 -> 0 | F9: =OTU_CRREL!F9*copynumber_CRREL!$G$6 -> 1.0331455e+08 | G9: =OTU_CRREL!G9*copynumber_CRREL!$G$7 -> 8753356.7 | H9: =OTU_CRREL!H9*copynumber_CRREL!$G$8 -> 0 | I9: =OTU_CRREL!I9*copynumber_CRREL!$G$9 -> 0 | J9: =OTU_CRREL!J9*copynumber_CRREL!$G$10 -> 0
A10: ASV_10 | B10: =OTU_CRREL!B10*copynumber_CRREL!$G$2 -> 94191338 | C10: =OTU_CRREL!C10*copynumber_CRREL!$G$3 -> 33653028 | D10: =OTU_CRREL!D10*copynumber_CRREL!$G$4 -> 1.2082959e+08 | E10: =OTU_CRREL!E10*copynumber_CRREL!$G$5 -> 68991553 | F10: =OTU_CRREL!F10*copynumber_CRREL!$G$6 -> 15357568 | G10: =OTU_CRREL!G10*copynumber_CRREL!$G$7 -> 11625552 | H10: =OTU_CRREL!H10*copynumber_CRREL!$G$8 -> 40125845 | I10: =OTU_CRREL!I10*copynumber_CRREL!$G$9 -> 64569083 | J10: =OTU_CRREL!J10*copynumber_CRREL!$G$10 -> 1.1244256e+08
A11: ASV_11 | B11: =OTU_CRREL!B11*copynumber_CRREL!$G$2 -> 10681492 | C11: =OTU_CRREL!C11*copynumber_CRREL!$G$3 -> 0 | D11: =OTU_CRREL!D11*copynumber_CRREL!$G$4 -> 14582882 | E11: =OTU_CRREL!E11*copynumber_CRREL!$G$5 -> 2759662.1 | F11: =OTU_CRREL!F11*copynumber_CRREL!$G$6 -> 0 | G11: =OTU_CRREL!G11*copynumber_CRREL!$G$7 -> 547084.8 | H11: =OTU_CRREL!H11*copynumber_CRREL!$G$8 -> 0 | I11: =OTU_CRREL!I11*copynumber_CRREL!$G$9 -> 0 | J11: =OTU_CRREL!J11*copynumber_CRREL!$G$10 -> 2584886.5
A12: ASV_12 | B12: =OTU_CRREL!B12*copynumber_CRREL!$G$2 -> 6.0496086e+08 | C12: =OTU_CRREL!C12*copynumber_CRREL!$G$3 -> 76412171 | D12: =OTU_CRREL!D12*copynumber_CRREL!$G$4 -> 4.4512511e+08 | E12: =OTU_CRREL!E12*copynumber_CRREL!$G$5 -> 459943.68 | F12: =OTU_CRREL!F12*copynumber_CRREL!$G$6 -> 42442734 | G12: =OTU_CRREL!G12*copynumber_CRREL!$G$7 -> 22704019 | H12: =OTU_CRREL!H12*copynumber_CRREL!$G$8 -> 0 | I12: =OTU_CRREL!I12*copynumber_CRREL!$G$9 -> 0 | J12: =OTU_CRREL!J12*copynumber_CRREL!$G$10 -> 646221.61
A13: ASV_15 | B13: =OTU_CRREL!B13*copynumber_CRREL!$G$2 -> 27189252 | C13: =OTU_CRREL!C13*copynumber_CRREL!$G$3 -> 7522441.7 | D13: =OTU_CRREL!D13*copynumber_CRREL!$G$4 -> 0 | E13: =OTU_CRREL!E13*copynumber_CRREL!$G$5 -> 9198873.7 | F13: =OTU_CRREL!F13*copynumber_CRREL!$G$6 -> 837685.54 | G13: =OTU_CRREL!G13*copynumber_CRREL!$G$7 -> 273542.4 | H13: =OTU_CRREL!H13*copynumber_CRREL!$G$8 -> 4299197.7 | I13: =OTU_CRREL!I13*copynumber_CRREL!$G$9 -> 7236190.4 | J13: =OTU_CRREL!J13*copynumber_CRREL!$G$10 -> 16801762
A14: ASV_16 | B14: =OTU_CRREL!B14*copynumber_CRREL!$G$2 -> 0 | C14: =OTU_CRREL!C14*copynumber_CRREL!$G$3 -> 0 | D14: =OTU_CRREL!D14*copynumber_CRREL!$G$4 -> 0 | E14: =OTU_CRREL!E14*copynumber_CRREL!$G$5 -> 0 | F14: =OTU_CRREL!F14*copynumber_CRREL!$G$6 -> 0 | G14: =OTU_CRREL!G14*copynumber_CRREL!$G$7 -> 0 | H14: =OTU_CRREL!H14*copynumber_CRREL!$G$8 -> 0 | I14: =OTU_CRREL!I14*copynumber_CRREL!$G$9 -> 0 | J14: =OTU_CRREL!J14*copynumber_CRREL!$G$10 -> 0
A15: ASV_17 | B15: =OTU_CRREL!B15*copynumber_CRREL!$G$2 -> 971044.72 | C15: =OTU_CRREL!C15*copynumber_CRREL!$G$3 -> 0 | D15: =OTU_CRREL!D15*copynumber_CRREL!$G$4 -> 0 | E15: =OTU_CRREL!E15*copynumber_CRREL!$G$5 -> 0 | F15: =OTU_CRREL!F15*copynumber_CRREL!$G$6 -> 0 | G15: =OTU_CRREL!G15*copynumber_CRREL!$G$7 -> 0 | H15: =OTU_CRREL!H15*copynumber_CRREL!$G$8 -> 0 | I15: =OTU_CRREL!I15*copynumber_CRREL!$G$9 -> 0 | J15: =OTU_CRREL!J15*copynumber_CRREL!$G$10 -> 646221.61
A16: ASV_18 | B16: =OTU_CRREL!B16*copynumber_CRREL!$G$2 -> 0 | C16: =OTU_CRREL!C16*copynumber_CRREL!$G$3 -> 0 | D16: =OTU_CRREL!D16*copynumber_CRREL!$G$4 -> 0 | E16: =OTU_CRREL!E16*copynumber_CRREL!$G$5 -> 0 | F16: =OTU_CRREL!F16*copynumber_CRREL!$G$6 -> 0 | G16: =OTU_CRREL!G16*copynumber_CRREL!$G$7 -> 0 | H16: =OTU_CRREL!H16*copynumber_CRREL!$G$8 -> 0 | I16: =OTU_CRREL!I16*copynumber_CRREL!$G$9 -> 0 | J16: =OTU_CRREL!J16*copynumber_CRREL!$G$10 -> 0
A17: ASV_19 | B17: =OTU_CRREL!B17*copynumber_CRREL!$G$2 -> 48552236 | C17: =OTU_CRREL!C17*copynumber_CRREL!$G$3 -> 16232637 | D17: =OTU_CRREL!D17*copynumber_CRREL!$G$4 -> 36804416 | E17: =OTU_CRREL!E17*copynumber_CRREL!$G$5 -> 22077297 | F17: =OTU_CRREL!F17*copynumber_CRREL!$G$6 -> 4886499 | G17: =OTU_CRREL!G17*copynumber_CRREL!$G$7 -> 4103136 | H17: =OTU_CRREL!H17*copynumber_CRREL!$G$8 -> 9135795 | I17: =OTU_CRREL!I17*copynumber_CRREL!$G$9 -> 24770036 | J17: =OTU_CRREL!J17*copynumber_CRREL!$G$10 -> 31664859
... A3762: ASV_24147 | B3762: =OTU_CRREL!B3762*copynumber_CRREL!$G$2 -> 0 | C3762: =OTU_CRREL!C3762*copynumber_CRREL!$G$3 -> 0 | D3762: =OTU_CRREL!D3762*copynumber_CRREL!$G$4 -> 0 | E3762: =OTU_CRREL!E3762*copynumber_CRREL!$G$5 -> 0 | F3762: =OTU_CRREL!F3762*copynumber_CRREL!$G$6 -> 0 | G3762: =OTU_CRREL!G3762*copynumber_CRREL!$G$7 -> 0 | H3762: =OTU_CRREL!H3762*copynumber_CRREL!$G$8 -> 0 | I3762: =OTU_CRREL!I3762*copynumber_CRREL!$G$9 -> 0 | J3762: =OTU_CRREL!J3762*copynumber_CRREL!$G$10 -> 0

Sheet copynumber_FL
A1: sample_name | B1: sample | C1: sample_ID | D1: site | E1: core | F1: pre_post_thaw | G1: copy_numb
A2: 9_S80_L002 | B2: 9 | C2: FL1C4_R5_POST_SOIL | D2: FL | E2: FL1C4 | F2: post | G2: 2326379.1
A3: 10_S81_L002 | B3: 10 | C3: FL1C4_R6_POST_SOIL | D3: FL | E3: FL1C4 | F3: post | G3: 1838558.2
A4: 13_S84_L002 | B4: 13 | C4: FL2C3_R5_POST_SOIL | D4: FL | E4: FL2C3 | F4: post | G4: 1577594.6
A5: 14_S85_L002 | B5: 14 | C5: FL2C3_R6_POST_SOIL | D5: FL | E5: FL2C3 | F5: post | G5: 2220052.1
A6: 15_S86_L002 | B6: 15 | C6: FL2C3_R7_POST_SOIL | D6: FL | E6: FL2C3 | F6: post | G6: 285504.02
A7: 16_S87_L002 | B7: 16 | C7: FL2C3_R8_POST_SOIL | D7: FL | E7: FL2C3 | F7: post | G7: 852293.48
A8: 33_S104_L002 | B8: 33 | C8: FL1C4_R5_PRE_SOIL | D8: FL | E8: FL1C4 | F8: pre | G8: 1173201.7
A9: 34_S105_L002 | B9: 34 | C9: FL1C4_R6_PRE_SOIL | D9: FL | E9: FL1C4 | F9: pre | G9: 672159.62
A10: 35_S106_L002 | B10: 35 | C10: FL1C4_R7_PRE_SOIL | D10: FL | E10: FL1C4 | F10: pre | G10: 1132229
A11: 38_S109_L002 | B11: 38 | C11: FL2C3_R6_PRE_SOIL | D11: FL | E11: FL2C3 | F11: pre | G11: 51720.406
A12: 39_S110_L002 | B12: 39 | C12: FL2C3_R7_PRE_SOIL | D12: FL | E12: FL2C3 | F12: pre | G12: 24291.308
A13: 40_S111_L002 | B13: 40 | C13: FL2C3_R8_PRE_SOIL | D13: FL | E13: FL2C3 | F13: pre | G13: 20444.971

Sheet OTU_FL
B1: X8_S8_L001_reseq | C1: X9_S9_L001_reseq | D1: X12_S12_L001_reseq | E1: X14_S85_L002 | F1: X15_S86_L002 | G1: X16_S87_L002 | H1: X33_S104_L002 | I1: X34_S105_L002 | J1: X35_S106_L002 | K1: X38_S109_L002 | L1: X39_S110_L002 | M1: X13_S13_L001_reseq
A2: ASV_1 | B2: 1750 | C2: 468 | D2: 0 | E2: 2360 | F2: 1941 | G2: 2791 | H2: 0 | I2: 0 | J2: 0 | K2: 0 | L2: 0 | M2: 0
A3: ASV_2 | B3: 236 | C3: 99 | D3: 676 | E3: 268 | F3: 341 | G3: 193 | H3: 650 | I3: 505 | J3: 425 | K3: 712 | L3: 596 | M3: 681
A4: ASV_3 | B4: 51 | C4: 66 | D4: 32 | E4: 7 | F4: 3 | G4: 10 | H4: 76 | I4: 154 | J4: 62 | K4: 46 | L4: 25 | M4: 20
A5: ASV_4 | B5: 79 | C5: 101 | D5: 36 | E5: 11 | F5: 9 | G5: 26 | H5: 75 | I5: 143 | J5: 120 | K5: 42 | L5: 41 | M5: 19
A6: ASV_5 | B6: 104 | C6: 26 | D6: 461 | E6: 132 | F6: 169 | G6: 105 | H6: 312 | I6: 286 | J6: 177 | K6: 483 | L6: 422 | M6: 489
A7: ASV_6 | B7: 103 | C7: 43 | D7: 635 | E7: 63 | F7: 98 | G7: 96 | H7: 327 | I7: 295 | J7: 194 | K7: 659 | L7: 447 | M7: 324
A8: ASV_7 | B8: 364 | C8: 1013 | D8: 1 | E8: 300 | F8: 219 | G8: 49 | H8: 132 | I8: 127 | J8: 150 | K8: 0 | L8: 0 | M8: 2
A9: ASV_9 | B9: 76 | C9: 406 | D9: 4 | E9: 108 | F9: 79 | G9: 185 | H9: 0 | I9: 0 | J9: 7 | K9: 0 | L9: 18 | M9: 404
A10: ASV_10 | B10: 189 | C10: 235 | D10: 40 | E10: 13 | F10: 16 | G10: 0 | H10: 293 | I10: 222 | J10: 211 | K10: 30 | L10: 34 | M10: 34
A11: ASV_11 | B11: 47 | C11: 4 | D11: 180 | E11: 46 | F11: 73 | G11: 64 | H11: 242 | I11: 165 | J11: 117 | K11: 172 | L11: 219 | M11: 216
A12: ASV_12 | B12: 0 | C12: 0 | D12: 0 | E12: 2 | F12: 0 | G12: 0 | H12: 0 | I12: 0 | J12: 0 | K12: 0 | L12: 0 | M12: 0
A13: ASV_15 | B13: 0 | C13: 5 | D13: 4 | E13: 0 | F13: 0 | G13: 0 | H13: 0 | I13: 0 | J13: 0 | K13: 0 | L13: 0 | M13: 1
... A3762: ASV_24147 | B3762: 1 | C3762: 0 | D3762: 0 | E3762: 0 | F3762: 0 | G3762: 0 | H3762: 0 | I3762: 0 | J3762: 0 | K3762: 0 | L3762: 0 | M3762: 0

Sheet absabund_FL
A1: ASV | B1: X8_S8_L001_reseq | C1: X9_S9_L001_reseq | D1: X12_S12_L001_reseq | E1: X14_S85_L002 | F1: X15_S86_L002 | G1: X16_S87_L002 | H1: X33_S104_L002 | I1: X34_S105_L002 | J1: X35_S106_L002 | K1: X38_S109_L002 | L1: X39_S110_L002 | M1: X13_S13_L001_reseq
A2: ASV_1 | B2: =OTU_FL!B2*copynumber_FL!$G$2 -> 4.0711635e+09 | C2: =OTU_FL!C2*copynumber_FL!$G$3 -> 8.6044526e+08 | D2: =OTU_FL!D2*copynumber_FL!$G$4 -> 0 | E2: =OTU_FL!E2*copynumber_FL!$G$5 -> 5.2393229e+09 | F2: =OTU_FL!F2*copynumber_FL!$G$6 -> 5.541633e+08 | G2: =OTU_FL!G2*copynumber_FL!$G$7 -> 2.3787511e+09 | H2: =OTU_FL!H2*copynumber_FL!$G$8 -> 0 | I2: =OTU_FL!I2*copynumber_FL!$G$9 -> 0 | J2: =OTU_FL!J2*copynumber_FL!$G$10 -> 0 | K2: =OTU_FL!K2*copynumber_FL!$G$11 -> 0 | L2: =OTU_FL!L2*copynumber_FL!$G$12 -> 0 | M2: =OTU_FL!M2*copynumber_FL!$G$13 -> 0
A3: ASV_2 | B3: =OTU_FL!B3*copynumber_FL!$G$2 -> 5.4902547e+08 | C3: =OTU_FL!C3*copynumber_FL!$G$3 -> 1.8201727e+08 | D3: =OTU_FL!D3*copynumber_FL!$G$4 -> 1.0664539e+09 | E3: =OTU_FL!E3*copynumber_FL!$G$5 -> 5.9497396e+08 | F3: =OTU_FL!F3*copynumber_FL!$G$6 -> 97356871 | G3: =OTU_FL!G3*copynumber_FL!$G$7 -> 1.6449264e+08 | H3: =OTU_FL!H3*copynumber_FL!$G$8 -> 7.6258112e+08 | I3: =OTU_FL!I3*copynumber_FL!$G$9 -> 3.3944061e+08 | J3: =OTU_FL!J3*copynumber_FL!$G$10 -> 4.811973e+08 | K3: =OTU_FL!K3*copynumber_FL!$G$11 -> 36824929 | L3: =OTU_FL!L3*copynumber_FL!$G$12 -> 14477620 | M3: =OTU_FL!M3*copynumber_FL!$G$13 -> 13923025
A4: ASV_3 | B4: =OTU_FL!B4*copynumber_FL!$G$2 -> 1.1864534e+08 | C4: =OTU_FL!C4*copynumber_FL!$G$3 -> 1.2134484e+08 | D4: =OTU_FL!D4*copynumber_FL!$G$4 -> 50483026 | E4: =OTU_FL!E4*copynumber_FL!$G$5 -> 15540365 | F4: =OTU_FL!F4*copynumber_FL!$G$6 -> 856512.06 | G4: =OTU_FL!G4*copynumber_FL!$G$7 -> 8522934.8 | H4: =OTU_FL!H4*copynumber_FL!$G$8 -> 89163331 | I4: =OTU_FL!I4*copynumber_FL!$G$9 -> 1.0351258e+08 | J4: =OTU_FL!J4*copynumber_FL!$G$10 -> 70198195 | K4: =OTU_FL!K4*copynumber_FL!$G$11 -> 2379138.7 | L4: =OTU_FL!L4*copynumber_FL!$G$12 -> 607282.7 | M4: =OTU_FL!M4*copynumber_FL!$G$13 -> 408899.43
A5: ASV_4 | B5: =OTU_FL!B5*copynumber_FL!$G$2 -> 1.8378395e+08 | C5: =OTU_FL!C5*copynumber_FL!$G$3 -> 1.8569438e+08 | D5: =OTU_FL!D5*copynumber_FL!$G$4 -> 56793404 | E5: =OTU_FL!E5*copynumber_FL!$G$5 -> 24420573 | F5: =OTU_FL!F5*copynumber_FL!$G$6 -> 2569536.2 | G5: =OTU_FL!G5*copynumber_FL!$G$7 -> 22159631 | H5: =OTU_FL!H5*copynumber_FL!$G$8 -> 87990130 | I5: =OTU_FL!I5*copynumber_FL!$G$9 -> 96118825 | J5: =OTU_FL!J5*copynumber_FL!$G$10 -> 1.3586747e+08 | K5: =OTU_FL!K5*copynumber_FL!$G$11 -> 2172257 | L5: =OTU_FL!L5*copynumber_FL!$G$12 -> 995943.63 | M5: =OTU_FL!M5*copynumber_FL!$G$13 -> 388454.45
A6: ASV_5 | B6: =OTU_FL!B6*copynumber_FL!$G$2 -> 2.4194343e+08 | C6: =OTU_FL!C6*copynumber_FL!$G$3 -> 47802514 | D6: =OTU_FL!D6*copynumber_FL!$G$4 -> 7.272711e+08 | E6: =OTU_FL!E6*copynumber_FL!$G$5 -> 2.9304688e+08 | F6: =OTU_FL!F6*copynumber_FL!$G$6 -> 48250179 | G6: =OTU_FL!G6*copynumber_FL!$G$7 -> 89490816 | H6: =OTU_FL!H6*copynumber_FL!$G$8 -> 3.6603894e+08 | I6: =OTU_FL!I6*copynumber_FL!$G$9 -> 1.9223765e+08 | J6: =OTU_FL!J6*copynumber_FL!$G$10 -> 2.0040452e+08 | K6: =OTU_FL!K6*copynumber_FL!$G$11 -> 24980956 | L6: =OTU_FL!L6*copynumber_FL!$G$12 -> 10250932 | M6: =OTU_FL!M6*copynumber_FL!$G$13 -> 9997591
A7: ASV_6 | B7: =OTU_FL!B7*copynumber_FL!$G$2 -> 2.3961705e+08 | C7: =OTU_FL!C7*copynumber_FL!$G$3 -> 79058004 | D7: =OTU_FL!D7*copynumber_FL!$G$4 -> 1.0017726e+09 | E7: =OTU_FL!E7*copynumber_FL!$G$5 -> 1.3986328e+08 | F7: =OTU_FL!F7*copynumber_FL!$G$6 -> 27979394 | G7: =OTU_FL!G7*copynumber_FL!$G$7 -> 81820174 | H7: =OTU_FL!H7*copynumber_FL!$G$8 -> 3.8363697e+08 | I7: =OTU_FL!I7*copynumber_FL!$G$9 -> 1.9828709e+08 | J7: =OTU_FL!J7*copynumber_FL!$G$10 -> 2.1965242e+08 | K7: =OTU_FL!K7*copynumber_FL!$G$11 -> 34083747 | L7: =OTU_FL!L7*copynumber_FL!$G$12 -> 10858215 | M7: =OTU_FL!M7*copynumber_FL!$G$13 -> 6624170.7
A8: ASV_7 | B8: =OTU_FL!B8*copynumber_FL!$G$2 -> 8.46802e+08 | C8: =OTU_FL!C8*copynumber_FL!$G$3 -> 1.8624595e+09 | D8: =OTU_FL!D8*copynumber_FL!$G$4 -> 1577594.6 | E8: =OTU_FL!E8*copynumber_FL!$G$5 -> 6.6601563e+08 | F8: =OTU_FL!F8*copynumber_FL!$G$6 -> 62525380 | G8: =OTU_FL!G8*copynumber_FL!$G$7 -> 41762381 | H8: =OTU_FL!H8*copynumber_FL!$G$8 -> 1.5486263e+08 | I8: =OTU_FL!I8*copynumber_FL!$G$9 -> 85364272 | J8: =OTU_FL!J8*copynumber_FL!$G$10 -> 1.6983434e+08 | K8: =OTU_FL!K8*copynumber_FL!$G$11 -> 0 | L8: =OTU_FL!L8*copynumber_FL!$G$12 -> 0 | M8: =OTU_FL!M8*copynumber_FL!$G$13 -> 40889.943
A9: ASV_9 | B9: =OTU_FL!B9*copynumber_FL!$G$2 -> 1.7680481e+08 | C9: =OTU_FL!C9*copynumber_FL!$G$3 -> 7.4645465e+08 | D9: =OTU_FL!D9*copynumber_FL!$G$4 -> 6310378.3 | E9: =OTU_FL!E9*copynumber_FL!$G$5 -> 2.3976563e+08 | F9: =OTU_FL!F9*copynumber_FL!$G$6 -> 22554818 | G9: =OTU_FL!G9*copynumber_FL!$G$7 -> 1.5767429e+08 | H9: =OTU_FL!H9*copynumber_FL!$G$8 -> 0 | I9: =OTU_FL!I9*copynumber_FL!$G$9 -> 0 | J9: =OTU_FL!J9*copynumber_FL!$G$10 -> 7925602.7 | K9: =OTU_FL!K9*copynumber_FL!$G$11 -> 0 | L9: =OTU_FL!L9*copynumber_FL!$G$12 -> 437243.54 | M9: =OTU_FL!M9*copynumber_FL!$G$13 -> 8259768.4
A10: ASV_10 | B10: =OTU_FL!B10*copynumber_FL!$G$2 -> 4.3968565e+08 | C10: =OTU_FL!C10*copynumber_FL!$G$3 -> 4.3206119e+08 | D10: =OTU_FL!D10*copynumber_FL!$G$4 -> 63103783 | E10: =OTU_FL!E10*copynumber_FL!$G$5 -> 28860677 | F10: =OTU_FL!F10*copynumber_FL!$G$6 -> 4568064.3 | G10: =OTU_FL!G10*copynumber_FL!$G$7 -> 0 | H10: =OTU_FL!H10*copynumber_FL!$G$8 -> 3.4374811e+08 | I10: =OTU_FL!I10*copynumber_FL!$G$9 -> 1.4921944e+08 | J10: =OTU_FL!J10*copynumber_FL!$G$10 -> 2.3890031e+08 | K10: =OTU_FL!K10*copynumber_FL!$G$11 -> 1551612.2 | L10: =OTU_FL!L10*copynumber_FL!$G$12 -> 825904.47 | M10: =OTU_FL!M10*copynumber_FL!$G$13 -> 695129.02
A11: ASV_11 | B11: =OTU_FL!B11*copynumber_FL!$G$2 -> 1.0933982e+08 | C11: =OTU_FL!C11*copynumber_FL!$G$3 -> 7354233 | D11: =OTU_FL!D11*copynumber_FL!$G$4 -> 2.8396702e+08 | E11: =OTU_FL!E11*copynumber_FL!$G$5 -> 1.021224e+08 | F11: =OTU_FL!F11*copynumber_FL!$G$6 -> 20841793 | G11: =OTU_FL!G11*copynumber_FL!$G$7 -> 54546783 | H11: =OTU_FL!H11*copynumber_FL!$G$8 -> 2.8391482e+08 | I11: =OTU_FL!I11*copynumber_FL!$G$9 -> 1.1090634e+08 | J11: =OTU_FL!J11*copynumber_FL!$G$10 -> 1.3247079e+08 | K11: =OTU_FL!K11*copynumber_FL!$G$11 -> 8895909.8 | L11: =OTU_FL!L11*copynumber_FL!$G$12 -> 5319796.4 | M11: =OTU_FL!M11*copynumber_FL!$G$13 -> 4416113.8
A12: ASV_12 | B12: =OTU_FL!B12*copynumber_FL!$G$2 -> 0 | C12: =OTU_FL!C12*copynumber_FL!$G$3 -> 0 | D12: =OTU_FL!D12*copynumber_FL!$G$4 -> 0 | E12: =OTU_FL!E12*copynumber_FL!$G$5 -> 4440104.2 | F12: =OTU_FL!F12*copynumber_FL!$G$6 -> 0 | G12: =OTU_FL!G12*copynumber_FL!$G$7 -> 0 | H12: =OTU_FL!H12*copynumber_FL!$G$8 -> 0 | I12: =OTU_FL!I12*copynumber_FL!$G$9 -> 0 | J12: =OTU_FL!J12*copynumber_FL!$G$10 -> 0 | K12: =OTU_FL!K12*copynumber_FL!$G$11 -> 0 | L12: =OTU_FL!L12*copynumber_FL!$G$12 -> 0 | M12: =OTU_FL!M12*copynumber_FL!$G$13 -> 0
A13: ASV_15 | B13: =OTU_FL!B13*copynumber_FL!$G$2 -> 0 | C13: =OTU_FL!C13*copynumber_FL!$G$3 -> 9192791.2 | D13: =OTU_FL!D13*copynumber_FL!$G$4 -> 6310378.3 | E13: =OTU_FL!E13*copynumber_FL!$G$5 -> 0 | F13: =OTU_FL!F13*copynumber_FL!$G$6 -> 0 | G13: =OTU_FL!G13*copynumber_FL!$G$7 -> 0 | H13: =OTU_FL!H13*copynumber_FL!$G$8 -> 0 | I13: =OTU_FL!I13*copynumber_FL!$G$9 -> 0 | J13: =OTU_FL!J13*copynumber_FL!$G$10 -> 0 | K13: =OTU_FL!K13*copynumber_FL!$G$11 -> 0 | L13: =OTU_FL!L13*copynumber_FL!$G$12 -> 0 | M13: =OTU_FL!M13*copynumber_FL!$G$13 -> 20444.971
... A3762: ASV_24147 | B3762: =OTU_FL!B3762*copynumber_FL!$G$2 -> 2326379.1 | C3762: =OTU_FL!C3762*copynumber_FL!$G$3 -> 0 | D3762: =OTU_FL!D3762*copynumber_FL!$G$4 -> 0 | E3762: =OTU_FL!E3762*copynumber_FL!$G$5 -> 0 | F3762: =OTU_FL!F3762*copynumber_FL!$G$6 -> 0 | G3762: =OTU_FL!G3762*copynumber_FL!$G$7 -> 0 | H3762: =OTU_FL!H3762*copynumber_FL!$G$8 -> 0 | I3762: =OTU_FL!I3762*copynumber_FL!$G$9 -> 0 | J3762: =OTU_FL!J3762*copynumber_FL!$G$10 -> 0 | K3762: =OTU_FL!K3762*copynumber_FL!$G$11 -> 0 | L3762: =OTU_FL!L3762*copynumber_FL!$G$12 -> 0 | M3762: =OTU_FL!M3762*copynumber_FL!$G$13 -> 0

Sheet copynumber_UT
A1: sample_name | B1: sample | C1: sample_ID | D1: site | E1: core | F1: pre_post_thaw | G1: copy_numb
A2: 17_S88_L002 | B2: 17 | C2: BEO1_R5_POST_SOIL | D2: Utqiagvik | E2: BEO1 | F2: post | G2: 3366785.9
A3: 18_S89_L002 | B3: 18 | C3: BEO1_R6_POST_SOIL | D3: Utqiagvik | E3: BEO1 | F3: post | G3: 11240267
A4: 19_S90_L002 | B4: 19 | C4: BEO1_R7_POST_SOIL | D4: Utqiagvik | E4: BEO1 | F4: post | G4: 5946315.9
A5: 20_S91_L002 | B5: 20 | C5: BEO1_R8_POST_SOIL | D5: Utqiagvik | E5: BEO1 | F5: post | G5: 5122120
A6: 21_S92_L002 | B6: 21 | C6: BEO2B_R5_POST_SOIL | D6: Utqiagvik | E6: BEO2B | F6: post | G6: 511240.38
A7: 22_S93_L002 | B7: 22 | C7: BEO2B_R6_POST_SOIL | D7: Utqiagvik | E7: BEO2B | F7: post | G7: 847655.24
A8: 23_S94_L002 | B8: 23 | C8: BEO2B_R7_POST_SOIL | D8: Utqiagvik | E8: BEO2B | F8: post | G8: 565415.43
A9: 24_S95_L002 | B9: 24 | C9: BEO2B_R8_POST_SOIL | D9: Utqiagvik | E9: BEO2B | F9: post | G9: 537770.2
A10: 41_S112_L002 | B10: 41 | C10: BEO1_R5_PRE_SOIL | D10: Utqiagvik | E10: BEO1 | F10: pre | G10: 667917.13
A11: 42_S113_L002 | B11: 42 | C11: BEO1_R6_PRE_SOIL | D11: Utqiagvik | E11: BEO1 | F11: pre | G11: 2086355
A12: 43_S114_L002 | B12: 43 | C12: BEO1_R7_PRE_SOIL | D12: Utqiagvik | E12: BEO1 | F12: pre | G12: 1827265.3
A13: 44_S115_L002 | B13: 44 | C13: BEO1_R8_PRE_SOIL | D13: Utqiagvik | E13: BEO1 | F13: pre | G13: 2145045.6
... A17: 48_S119_L002 | B17: 48 | C17: BEO2B_R8_PRE_SOIL | D17: Utqiagvik | E17: BEO2B | F17: pre | G17: 500510.03

Sheet OTU_UT
B1: X17_S88_L002 | C1: X18_S89_L002 | D1: X19_S90_L002 | E1: X20_S91_L002 | F1: X21_S92_L002 | G1: X22_S93_L002 | H1: X23_S94_L002 | I1: X17_S17_L001_reseq | J1: X14_S14_L001_reseq | K1: X15_S15_L001_reseq | L1: X43_S114_L002 | M1: X44_S115_L002 | N1: X45_S116_L002 | O1: X46_S117_L002 | P1: X47_S118_L002 | Q1: X16_S16_L001_reseq
A2: ASV_1 | B2: 0 | C2: 36 | D2: 0 | E2: 0 | F2: 880 | G2: 1086 | H2: 749 | I2: 1307 | J2: 0 | K2: 0 | L2: 0 | M2: 0 | N2: 0 | O2: 0 | P2: 0 | Q2: 0
A3: ASV_2 | B3: 0 | C3: 0 | D3: 0 | E3: 0 | F3: 94 | G3: 123 | H3: 153 | I3: 84 | J3: 8 | K3: 6 | L3: 0 | M3: 0 | N3: 113 | O3: 162 | P3: 73 | Q3: 50
A4: ASV_3 | B4: 89 | C4: 16 | D4: 113 | E4: 13 | F4: 76 | G4: 63 | H4: 78 | I4: 68 | J4: 1359 | K4: 866 | L4: 525 | M4: 354 | N4: 361 | O4: 245 | P4: 217 | Q4: 350
A5: ASV_4 | B5: 3859 | C5: 4064 | D5: 0 | E5: 2930 | F5: 41 | G5: 245 | H5: 341 | I5: 144 | J5: 28 | K5: 15 | L5: 24 | M5: 16 | N5: 60 | O5: 82 | P5: 73 | Q5: 38
A6: ASV_5 | B6: 0 | C6: 0 | D6: 0 | E6: 0 | F6: 0 | G6: 0 | H6: 0 | I6: 0 | J6: 0 | K6: 0 | L6: 0 | M6: 0 | N6: 0 | O6: 0 | P6: 0 | Q6: 5
A7: ASV_6 | B7: 0 | C7: 0 | D7: 0 | E7: 0 | F7: 129 | G7: 60 | H7: 0 | I7: 108 | J7: 3 | K7: 0 | L7: 0 | M7: 0 | N7: 93 | O7: 92 | P7: 126 | Q7: 42
A8: ASV_7 | B8: 0 | C8: 0 | D8: 0 | E8: 0 | F8: 0 | G8: 4 | H8: 0 | I8: 6 | J8: 0 | K8: 0 | L8: 0 | M8: 0 | N8: 6 | O8: 0 | P8: 0 | Q8: 3
A9: ASV_9 | B9: 0 | C9: 0 | D9: 0 | E9: 0 | F9: 0 | G9: 55 | H9: 0 | I9: 0 | J9: 0 | K9: 0 | L9: 0 | M9: 0 | N9: 0 | O9: 0 | P9: 0 | Q9: 0
A10: ASV_10 | B10: 0 | C10: 0 | D10: 0 | E10: 0 | F10: 0 | G10: 0 | H10: 0 | I10: 0 | J10: 3 | K10: 1 | L10: 0 | M10: 0 | N10: 24 | O10: 0 | P10: 22 | Q10: 21
A11: ASV_11 | B11: 0 | C11: 0 | D11: 0 | E11: 0 | F11: 489 | G11: 237 | H11: 220 | I11: 283 | J11: 7 | K11: 2 | L11: 0 | M11: 0 | N11: 174 | O11: 218 | P11: 468 | Q11: 109
A12: ASV_12 | B12: 0 | C12: 0 | D12: 0 | E12: 0 | F12: 0 | G12: 0 | H12: 0 | I12: 0 | J12: 0 | K12: 0 | L12: 0 | M12: 0 | N12: 0 | O12: 0 | P12: 0 | Q12: 0
A13: ASV_15 | B13: 0 | C13: 13 | D13: 28 | E13: 0 | F13: 16 | G13: 11 | H13: 20 | I13: 7 | J13: 662 | K13: 224 | L13: 436 | M13: 149 | N13: 72 | O13: 43 | P13: 41 | Q13: 89
... A3762: ASV_24147 | B3762: 0 | C3762: 0 | D3762: 0 | E3762: 0 | F3762: 0 | G3762: 0 | H3762: 0 | I3762: 0 | J3762: 0 | K3762: 0 | L3762: 0 | M3762: 0 | N3762: 0 | O3762: 0 | P3762: 0 | Q3762: 0

Sheet absabund_UT
B1: X17_S88_L002 | C1: X18_S89_L002 | D1: X19_S90_L002 | E1: X20_S91_L002 | F1: X21_S92_L002 | G1: X22_S93_L002 | H1: X23_S94_L002 | I1: X17_S17_L001_reseq | J1: X14_S14_L001_reseq | K1: X15_S15_L001_reseq | L1: X43_S114_L002 | M1: X44_S115_L002 | N1: X45_S116_L002 | O1: X46_S117_L002 | P1: X47_S118_L002 | Q1: X16_S16_L001_reseq
A2: ASV_1 | B2: =OTU_UT!B2*copynumber_UT!$G$2 -> 0 | C2: =OTU_UT!C2*copynumber_UT!$G$3 -> 4.046496e+08 | D2: =OTU_UT!D3*copynumber_UT!$G$4 -> 0 | E2: =OTU_UT!E3*copynumber_UT!$G$5 -> 0 | F2: =OTU_UT!F3*copynumber_UT!$G$6 -> 48056596 | G2: =OTU_UT!G3*copynumber_UT!$G$7 -> 1.0426159e+08 | H2: =OTU_UT!H3*copynumber_UT!$G$8 -> 86508561 | I2: =OTU_UT!I3*copynumber_UT!$G$9 -> 45172697 | J2: =OTU_UT!J3*copynumber_UT!$G$10 -> 5343337 | K2: =OTU_UT!K3*copynumber_UT!$G$11 -> 12518130 | L2: =OTU_UT!L3*copynumber_UT!$G$12 -> 0 | M2: =OTU_UT!M3*copynumber_UT!$G$13 -> 0 | N2: =OTU_UT!N3*copynumber_UT!$G$14 -> 26630866 | O2: =OTU_UT!O3*copynumber_UT!$G$15 -> 31844718 | P2: =OTU_UT!P3*copynumber_UT!$G$16 -> 51680012 | Q2: =OTU_UT!Q3*copynumber_UT!$G$17 -> 25025502
A3: ASV_2 | B3: =OTU_UT!B3*copynumber_UT!$G$2 -> 0 | C3: =OTU_UT!C3*copynumber_UT!$G$3 -> 0 | D3: =OTU_UT!D4*copynumber_UT!$G$4 -> 6.7193369e+08 | E3: =OTU_UT!E4*copynumber_UT!$G$5 -> 66587561 | F3: =OTU_UT!F4*copynumber_UT!$G$6 -> 38854269 | G3: =OTU_UT!G4*copynumber_UT!$G$7 -> 53402280 | H3: =OTU_UT!H4*copynumber_UT!$G$8 -> 44102404 | I3: =OTU_UT!I4*copynumber_UT!$G$9 -> 36568374 | J3: =OTU_UT!J4*copynumber_UT!$G$10 -> 9.0769937e+08 | K3: =OTU_UT!K4*copynumber_UT!$G$11 -> 1.8067834e+09 | L3: =OTU_UT!L4*copynumber_UT!$G$12 -> 9.5931428e+08 | M3: =OTU_UT!M4*copynumber_UT!$G$13 -> 7.5934614e+08 | N3: =OTU_UT!N4*copynumber_UT!$G$14 -> 85077370 | O3: =OTU_UT!O4*copynumber_UT!$G$15 -> 48160222 | P3: =OTU_UT!P4*copynumber_UT!$G$16 -> 1.5362414e+08 | Q3: =OTU_UT!Q4*copynumber_UT!$G$17 -> 1.7517851e+08
A4: ASV_3 | B4: =OTU_UT!B4*copynumber_UT!$G$2 -> 2.9964395e+08 | C4: =OTU_UT!C4*copynumber_UT!$G$3 -> 1.7984427e+08 | D4: =OTU_UT!D5*copynumber_UT!$G$4 -> 0 | E4: =OTU_UT!E5*copynumber_UT!$G$5 -> 1.5007812e+10 | F4: =OTU_UT!F5*copynumber_UT!$G$6 -> 20960855 | G4: =OTU_UT!G5*copynumber_UT!$G$7 -> 2.0767553e+08 | H4: =OTU_UT!H5*copynumber_UT!$G$8 -> 1.9280666e+08 | I4: =OTU_UT!I5*copynumber_UT!$G$9 -> 77438909 | J4: =OTU_UT!J5*copynumber_UT!$G$10 -> 18701680 | K4: =OTU_UT!K5*copynumber_UT!$G$11 -> 31295325 | L4: =OTU_UT!L5*copynumber_UT!$G$12 -> 43854367 | M4: =OTU_UT!M5*copynumber_UT!$G$13 -> 34320729 | N4: =OTU_UT!N5*copynumber_UT!$G$14 -> 14140283 | O4: =OTU_UT!O5*copynumber_UT!$G$15 -> 16118931 | P4: =OTU_UT!P5*copynumber_UT!$G$16 -> 51680012 | Q4: =OTU_UT!Q5*copynumber_UT!$G$17 -> 19019381
A5: ASV_4 | B5: =OTU_UT!B5*copynumber_UT!$G$2 -> 1.2992427e+10 | C5: =OTU_UT!C5*copynumber_UT!$G$3 -> 4.5680443e+10 | D5: =OTU_UT!D6*copynumber_UT!$G$4 -> 0 | E5: =OTU_UT!E6*copynumber_UT!$G$5 -> 0 | F5: =OTU_UT!F6*copynumber_UT!$G$6 -> 0 | G5: =OTU_UT!G6*copynumber_UT!$G$7 -> 0 | H5: =OTU_UT!H6*copynumber_UT!$G$8 -> 0 | I5: =OTU_UT!I6*copynumber_UT!$G$9 -> 0 | J5: =OTU_UT!J6*copynumber_UT!$G$10 -> 0 | K5: =OTU_UT!K6*copynumber_UT!$G$11 -> 0 | L5: =OTU_UT!L6*copynumber_UT!$G$12 -> 0 | M5: =OTU_UT!M6*copynumber_UT!$G$13 -> 0 | N5: =OTU_UT!N6*copynumber_UT!$G$14 -> 0 | O5: =OTU_UT!O6*copynumber_UT!$G$15 -> 0 | P5: =OTU_UT!P6*copynumber_UT!$G$16 -> 0 | Q5: =OTU_UT!Q6*copynumber_UT!$G$17 -> 2502550.2
A6: ASV_5 | B6: =OTU_UT!B6*copynumber_UT!$G$2 -> 0 | C6: =OTU_UT!C6*copynumber_UT!$G$3 -> 0 | D6: =OTU_UT!D7*copynumber_UT!$G$4 -> 0 | E6: =OTU_UT!E7*copynumber_UT!$G$5 -> 0 | F6: =OTU_UT!F7*copynumber_UT!$G$6 -> 65950009 | G6: =OTU_UT!G7*copynumber_UT!$G$7 -> 50859314 | H6: =OTU_UT!H7*copynumber_UT!$G$8 -> 0 | I6: =OTU_UT!I7*copynumber_UT!$G$9 -> 58079182 | J6: =OTU_UT!J7*copynumber_UT!$G$10 -> 2003751.4 | K6: =OTU_UT!K7*copynumber_UT!$G$11 -> 0 | L6: =OTU_UT!L7*copynumber_UT!$G$12 -> 0 | M6: =OTU_UT!M7*copynumber_UT!$G$13 -> 0 | N6: =OTU_UT!N7*copynumber_UT!$G$14 -> 21917439 | O6: =OTU_UT!O7*copynumber_UT!$G$15 -> 18084655 | P6: =OTU_UT!P7*copynumber_UT!$G$16 -> 89201116 | Q6: =OTU_UT!Q7*copynumber_UT!$G$17 -> 21021421
A7: ASV_6 | B7: =OTU_UT!B7*copynumber_UT!$G$2 -> 0 | C7: =OTU_UT!C7*copynumber_UT!$G$3 -> 0 | D7: =OTU_UT!D8*copynumber_UT!$G$4 -> 0 | E7: =OTU_UT!E8*copynumber_UT!$G$5 -> 0 | F7: =OTU_UT!F8*copynumber_UT!$G$6 -> 0 | G7: =OTU_UT!G8*copynumber_UT!$G$7 -> 3390621 | H7: =OTU_UT!H8*copynumber_UT!$G$8 -> 0 | I7: =OTU_UT!I8*copynumber_UT!$G$9 -> 3226621.2 | J7: =OTU_UT!J8*copynumber_UT!$G$10 -> 0 | K7: =OTU_UT!K8*copynumber_UT!$G$11 -> 0 | L7: =OTU_UT!L8*copynumber_UT!$G$12 -> 0 | M7: =OTU_UT!M8*copynumber_UT!$G$13 -> 0 | N7: =OTU_UT!N8*copynumber_UT!$G$14 -> 1414028.3 | O7: =OTU_UT!O8*copynumber_UT!$G$15 -> 0 | P7: =OTU_UT!P8*copynumber_UT!$G$16 -> 0 | Q7: =OTU_UT!Q8*copynumber_UT!$G$17 -> 1501530.1
A8: ASV_7 | B8: =OTU_UT!B8*copynumber_UT!$G$2 -> 0 | C8: =OTU_UT!C8*copynumber_UT!$G$3 -> 0 | D8: =OTU_UT!D9*copynumber_UT!$G$4 -> 0 | E8: =OTU_UT!E9*copynumber_UT!$G$5 -> 0 | F8: =OTU_UT!F9*copynumber_UT!$G$6 -> 0 | G8: =OTU_UT!G9*copynumber_UT!$G$7 -> 46621038 | H8: =OTU_UT!H9*copynumber_UT!$G$8 -> 0 | I8: =OTU_UT!I9*copynumber_UT!$G$9 -> 0 | J8: =OTU_UT!J9*copynumber_UT!$G$10 -> 0 | K8: =OTU_UT!K9*copynumber_UT!$G$11 -> 0 | L8: =OTU_UT!L9*copynumber_UT!$G$12 -> 0 | M8: =OTU_UT!M9*copynumber_UT!$G$13 -> 0 | N8: =OTU_UT!N9*copynumber_UT!$G$14 -> 0 | O8: =OTU_UT!O9*copynumber_UT!$G$15 -> 0 | P8: =OTU_UT!P9*copynumber_UT!$G$16 -> 0 | Q8: =OTU_UT!Q9*copynumber_UT!$G$17 -> 0
A9: ASV_9 | B9: =OTU_UT!B9*copynumber_UT!$G$2 -> 0 | C9: =OTU_UT!C9*copynumber_UT!$G$3 -> 0 | D9: =OTU_UT!D10*copynumber_UT!$G$4 -> 0 | E9: =OTU_UT!E10*copynumber_UT!$G$5 -> 0 | F9: =OTU_UT!F10*copynumber_UT!$G$6 -> 0 | G9: =OTU_UT!G10*copynumber_UT!$G$7 -> 0 | H9: =OTU_UT!H10*copynumber_UT!$G$8 -> 0 | I9: =OTU_UT!I10*copynumber_UT!$G$9 -> 0 | J9: =OTU_UT!J10*copynumber_UT!$G$10 -> 2003751.4 | K9: =OTU_UT!K10*copynumber_UT!$G$11 -> 2086355 | L9: =OTU_UT!L10*copynumber_UT!$G$12 -> 0 | M9: =OTU_UT!M10*copynumber_UT!$G$13 -> 0 | N9: =OTU_UT!N10*copynumber_UT!$G$14 -> 5656113.2 | O9: =OTU_UT!O10*copynumber_UT!$G$15 -> 0 | P9: =OTU_UT!P10*copynumber_UT!$G$16 -> 15574798 | Q9: =OTU_UT!Q10*copynumber_UT!$G$17 -> 10510711
A10: ASV_10 | B10: =OTU_UT!B10*copynumber_UT!$G$2 -> 0 | C10: =OTU_UT!C10*copynumber_UT!$G$3 -> 0 | D10: =OTU_UT!D11*copynumber_UT!$G$4 -> 0 | E10: =OTU_UT!E11*copynumber_UT!$G$5 -> 0 | F10: =OTU_UT!F11*copynumber_UT!$G$6 -> 2.4999654e+08 | G10: =OTU_UT!G11*copynumber_UT!$G$7 -> 2.0089429e+08 | H10: =OTU_UT!H11*copynumber_UT!$G$8 -> 1.243914e+08 | I10: =OTU_UT!I11*copynumber_UT!$G$9 -> 1.5218897e+08 | J10: =OTU_UT!J11*copynumber_UT!$G$10 -> 4675419.9 | K10: =OTU_UT!K11*copynumber_UT!$G$11 -> 4172710 | L10: =OTU_UT!L11*copynumber_UT!$G$12 -> 0 | M10: =OTU_UT!M11*copynumber_UT!$G$13 -> 0 | N10: =OTU_UT!N11*copynumber_UT!$G$14 -> 41006821 | O10: =OTU_UT!O11*copynumber_UT!$G$15 -> 42852769 | P10: =OTU_UT!P11*copynumber_UT!$G$16 -> 3.3131843e+08 | Q10: =OTU_UT!Q11*copynumber_UT!$G$17 -> 54555593
A11: ASV_11 | B11: =OTU_UT!B11*copynumber_UT!$G$2 -> 0 | C11: =OTU_UT!C11*copynumber_UT!$G$3 -> 0 | D11: =OTU_UT!D12*copynumber_UT!$G$4 -> 0 | E11: =OTU_UT!E12*copynumber_UT!$G$5 -> 0 | F11: =OTU_UT!F12*copynumber_UT!$G$6 -> 0 | G11: =OTU_UT!G12*copynumber_UT!$G$7 -> 0 | H11: =OTU_UT!H12*copynumber_UT!$G$8 -> 0 | I11: =OTU_UT!I12*copynumber_UT!$G$9 -> 0 | J11: =OTU_UT!J12*copynumber_UT!$G$10 -> 0 | K11: =OTU_UT!K12*copynumber_UT!$G$11 -> 0 | L11: =OTU_UT!L12*copynumber_UT!$G$12 -> 0 | M11: =OTU_UT!M12*copynumber_UT!$G$13 -> 0 | N11: =OTU_UT!N12*copynumber_UT!$G$14 -> 0 | O11: =OTU_UT!O12*copynumber_UT!$G$15 -> 0 | P11: =OTU_UT!P12*copynumber_UT!$G$16 -> 0 | Q11: =OTU_UT!Q12*copynumber_UT!$G$17 -> 0
A12: ASV_12 | B12: =OTU_UT!B12*copynumber_UT!$G$2 -> 0 | C12: =OTU_UT!C12*copynumber_UT!$G$3 -> 0 | D12: =OTU_UT!D13*copynumber_UT!$G$4 -> 1.6649684e+08 | E12: =OTU_UT!E13*copynumber_UT!$G$5 -> 0 | F12: =OTU_UT!F13*copynumber_UT!$G$6 -> 8179846 | G12: =OTU_UT!G13*copynumber_UT!$G$7 -> 9324207.6 | H12: =OTU_UT!H13*copynumber_UT!$G$8 -> 11308309 | I12: =OTU_UT!I13*copynumber_UT!$G$9 -> 3764391.4 | J12: =OTU_UT!J13*copynumber_UT!$G$10 -> 4.4216114e+08 | K12: =OTU_UT!K13*copynumber_UT!$G$11 -> 4.6734352e+08 | L12: =OTU_UT!L13*copynumber_UT!$G$12 -> 7.9668767e+08 | M12: =OTU_UT!M13*copynumber_UT!$G$13 -> 3.1961179e+08 | N12: =OTU_UT!N13*copynumber_UT!$G$14 -> 16968340 | O12: =OTU_UT!O13*copynumber_UT!$G$15 -> 8452610.4 | P12: =OTU_UT!P13*copynumber_UT!$G$16 -> 29025760 | Q12: =OTU_UT!Q13*copynumber_UT!$G$17 -> 44545393
A13: ASV_15 | B13: =OTU_UT!B13*copynumber_UT!$G$2 -> 0 | C13: =OTU_UT!C13*copynumber_UT!$G$3 -> 1.4612347e+08 | D13: =OTU_UT!D14*copynumber_UT!$G$4 -> 1.3617063e+09 | E13: =OTU_UT!E14*copynumber_UT!$G$5 -> 2.1000692e+08 | F13: =OTU_UT!F14*copynumber_UT!$G$6 -> 0 | G13: =OTU_UT!G14*copynumber_UT!$G$7 -> 0 | H13: =OTU_UT!H14*copynumber_UT!$G$8 -> 0 | I13: =OTU_UT!I14*copynumber_UT!$G$9 -> 0 | J13: =OTU_UT!J14*copynumber_UT!$G$10 -> 1.2957592e+08 | K13: =OTU_UT!K14*copynumber_UT!$G$11 -> 9.8475956e+08 | L13: =OTU_UT!L14*copynumber_UT!$G$12 -> 9.9037779e+08 | M13: =OTU_UT!M14*copynumber_UT!$G$13 -> 2.3016339e+09 | N13: =OTU_UT!N14*copynumber_UT!$G$14 -> 16025654 | O13: =OTU_UT!O14*copynumber_UT!$G$15 -> 0 | P13: =OTU_UT!P14*copynumber_UT!$G$16 -> 0 | Q13: =OTU_UT!Q14*copynumber_UT!$G$17 -> 2.0170554e+08
... A3762: ASV_24147 | B3762: =OTU_UT!B3762*copynumber_UT!$G$2 -> 0 | C3762: =OTU_UT!C3762*copynumber_UT!$G$3 -> 0 | D3762: =OTU_UT!D3763*copynumber_UT!$G$4 -> 0 | E3762: =OTU_UT!E3763*copynumber_UT!$G$5 -> 0 | F3762: =OTU_UT!F3763*copynumber_UT!$G$6 -> 0 | G3762: =OTU_UT!G3763*copynumber_UT!$G$7 -> 0 | H3762: =OTU_UT!H3763*copynumber_UT!$G$8 -> 0 | I3762: =OTU_UT!I3763*copynumber_UT!$G$9 -> 0 | J3762: =OTU_UT!J3763*copynumber_UT!$G$10 -> 0 | K3762: =OTU_UT!K3763*copynumber_UT!$G$11 -> 0 | L3762: =OTU_UT!L3763*copynumber_UT!$G$12 -> 0 | M3762: =OTU_UT!M3763*copynumber_UT!$G$13 -> 0 | N3762: =OTU_UT!N3763*copynumber_UT!$G$14 -> 0 | O3762: =OTU_UT!O3763*copynumber_UT!$G$15 -> 0 | P3762: =OTU_UT!P3763*copynumber_UT!$G$16 -> 0 | Q3762: =OTU_UT!Q3763*copynumber_UT!$G$17 -> 0
