Workbook

Sheet Calculations
J1: Day 0 | R1: Day 1 | Z1: Day 2 | AJ1: Day 4 | AP1: Day 6 | AX1: Day 9 | BF1: Day 12 | BN1: Day 14 | BV1: Day 19 | CD1: Day 26 | CL1: Day 30 | CT1: Day 36 | DB1: Day 44 | DJ1: Day 51 | DR1: Day 58 | DZ1: Day 65 | EH1: Day 74 | EP1: Day 83 | EX1: Day 92 | FF1: Day 96
A2: Sample ID | B2: Jar volume (mL) | C2: volume of soil | D2: rate constant R (L atm/K mol) | E2: Incubation temp (K) | F2: vol headspace (L) | G2: GWC | H2: mass wet soil in jar (g) | I2: mass dry soil in jar (g) | J2: flush end | K2: Time sampled | L2: incubation time elapsed (day) | M2: Average temperature (K) | N2: CO2 concentration (ppm) | O2: CH4 concentration (ppm) | P2: C-CO2 rate (ug C-CO2/g dry soil/h) | Q2: C-CO2 amount (ug C-CO2/g dry soil) For cumulative! | R2: flush end | S2: Time sampled | T2: incubation time elapsed (day) | U2: Average temperature (K) | V2: CO2 concentration (ppm) | W2: CH4 concentration (ppm) | X2: C-CO2 rate (ug C-CO2/g dry soil/h) | Y2: C-CO2 amount (ug C-CO2/g dry soil) For cumulative! | Z2: flush end | AA2: Time sampled | AB2: incubation time elapsed (day) | AC2: Average temperature (K) | AD2: CO2 concentration (ppm) | AE2: CH4 concentration (ppm) | AF2: C-CO2 rate (ug C-CO2/g dry soil/h) | AG2: C-CO2 amount (ug C-CO2/g dry soil) For cumulative! | AH2: flush end | AI2: Time sampled | AJ2: incubation time elapsed (day) | AK2: Average temperature (K) | AL2: CO2 concentration (ppm) | AM2: CH4 concentration (ppm) | AN2: C-CO2 rate (ug C-CO2/g dry soil/h) | AO2: C-CO2 amount (ug C-CO2/g dry soil) For cumulative! | AP2: flush end | AQ2: Time sampled | AR2: incubation time elapsed (day) | AS2: Average temperature (K) | AT2: CO2 concentration (ppm) | AU2: CH4 concentration (ppm) | AV2: C-CO2 rate (ug C-CO2/g dry soil/h) | AW2: C-CO2 amount (ug C-CO2/g dry soil) For cumulative! | AX2: flush end | AY2: Time sampled | AZ2: incubation time elapsed (day) | BA2: Average temperature (K) | BB2: CO2 concentration (ppm) | BC2: CH4 concentration (ppm) | BD2: C-CO2 rate (ug C-CO2/g dry soil/h) | BE2: C-CO2 amount (ug C-CO2/g dry soil) For cumulative! | BF2: flush end | BG2: Time sampled | BH2: incubation time elapsed (day) | BI2: Average temperature (K) | BJ2: CO2 concentration (ppm) | BK2: CH4 concentration (ppm) | BL2: C-CO2 rate (ug C-CO2/g dry soil/h) | BM2: C-CO2 amount (ug C-CO2/g dry soil) For cumulative! | BN2: flush end | BO2: Time sampled | BP2: incubation time elapsed (day) | BQ2: Average temperature (K) | BR2: CO2 concentration (ppm) | BS2: CH4 concentration (ppm) | BT2: C-CO2 rate (ug C-CO2/g dry soil/h) | BU2: C-CO2 amount (ug C-CO2/g dry soil) For cumulative! | BV2: flush end | BW2: Time sampled | BX2: incubation time elapsed (day) | BY2: Average temperature (K) | BZ2: CO2 concentration (ppm) | CA2: CH4 concentration (ppm) | CB2: C-CO2 rate (ug C-CO2/g dry soil/h) | CC2: C-CO2 amount (ug C-CO2/g dry soil) For cumulative! | CD2: flush end | CE2: Time sampled | CF2: incubation time elapsed (day) | CG2: Average temperature (K) | CH2: CO2 concentration (ppm) | CI2: CH4 concentration (ppm) | CJ2: C-CO2 rate (ug C-CO2/g dry soil/h) | CK2: C-CO2 amount (ug C-CO2/g dry soil) For cumulative! | CL2: flush end | CM2: Time sampled | CN2: incubation time elapsed (day) | CO2: Average temperature (K) | CP2: CO2 concentration (ppm) | CQ2: CH4 concentration (ppm) | CR2: C-CO2 rate (ug C-CO2/g dry soil/h) | CS2: C-CO2 amount (ug C-CO2/g dry soil) For cumulative! | CT2: flush end | CU2: Time sampled | CV2: incubation time elapsed (day) | CW2: Average temperature (K) | CX2: CO2 concentration (ppm) | CY2: CH4 concentration (ppm) | CZ2: C-CO2 rate (ug C-CO2/g dry soil/h) | DA2: C-CO2 amount (ug C-CO2/g dry soil) For cumulative! | DB2: flush end | DC2: Time sampled | DD2: incubation time elapsed (day) | DE2: Average temperature (K) | DF2: CO2 concentration (ppm) | DG2: CH4 concentration (ppm) | DH2: C-CO2 rate (ug C-CO2/g dry soil/h) | DI2: C-CO2 amount (ug C-CO2/g dry soil) For cumulative! | DJ2: flush end | DK2: Time sampled | DL2: incubation time elapsed (day) | DM2: Average temperature (K) | DN2: CO2 concentration (ppm) | DO2: CH4 concentration (ppm) | DP2: C-CO2 rate (ug C-CO2/g dry soil/h) | DQ2: C-CO2 amount (ug C-CO2/g dry soil) For cumulative! | DR2: flush end | DS2: Time sampled | DT2: incubation time elapsed (day) | DU2: Average temperature (K) | DV2: CO2 concentration (ppm) | DW2: CH4 concentration (ppm) | DX2: C-CO2 rate (ug C-CO2/g dry soil/h) | DY2: C-CO2 amount (ug C-CO2/g dry soil) For cumulative! | DZ2: flush end | EA2: Time sampled | EB2: incubation time elapsed (day) | EC2: Average temperature (K) | ED2: CO2 concentration (ppm) | EE2: CH4 concentration (ppm) | EF2: C-CO2 rate (ug C-CO2/g dry soil/h) | EG2: C-CO2 amount (ug C-CO2/g dry soil) For cumulative! | EH2: flush end | EI2: Time sampled | EJ2: incubation time elapsed (day) | EK2: Average temperature (K) | EL2: CO2 concentration (ppm) | EM2: CH4 concentration (ppm) | EN2: C-CO2 rate (ug C-CO2/g dry soil/h) | EO2: C-CO2 amount (ug C-CO2/g dry soil) For cumulative! | EP2: flush end | EQ2: Time sampled | ER2: incubation time elapsed (day) | ES2: Average temperature (K) | ET2: CO2 concentration (ppm) | EU2: CH4 concentration (ppm) | EV2: C-CO2 rate (ug C-CO2/g dry soil/h) | EW2: C-CO2 amount (ug C-CO2/g dry soil) For cumulative! | EX2: flush end | EY2: Time sampled | EZ2: incubation time elapsed (day) | FA2: Average temperature (K) | FB2: CO2 concentration (ppm) | FC2: CH4 concentration (ppm) | FD2: C-CO2 rate (ug C-CO2/g dry soil/h) | FE2: C-CO2 amount (ug C-CO2/g dry soil) For cumulative! | FF2: flush end | FG2: Time sampled | FH2: incubation time elapsed (day) | FI2: Average temperature (K) | FJ2: CO2 concentration (ppm) | FK2: CH4 concentration (ppm) | FL2: C-CO2 rate (ug C-CO2/g dry soil/h) | FM2: C-CO2 amount (ug C-CO2/g dry soil) For cumulative!
A3: AT 3 REP 5 H2 | B3: 473.176 | C3: =Vol_soil_calc!L2 -> 24.308555 | D3: 0.082057366 | E3: 275.15 | F3: =(B3-C3)/1000 -> 0.44886744 | G3: =[1]incubation_physical_chemical!$I$2 -> 0.542 | H3: 40.046 | I3: =H3/(G3+1) -> 25.970169 | J3: 44447.816 | K3: 44447.825 | L3: =(K3-J3) -> 0.0090277778 | M3: 275.15 | N3: 88.638 | O3: 0.045 | P3: =N3*($F3)*(1/$D3)*(1/$M3)*(1/$I3)*(12)*(1/(L3*24)) -> 3.7580741 | Q3: =N3*($F3)*(1/$D3)*(1/$M3)*(1/$I3)*(12) -> 0.81424939 | S3: 0.63541667 | T3: =(S3-R3) -> 0.63541667 | U3: 275.15 | V3: 1212.562 | W3: 0.802 | X3: =V3*($F3)*(1/$D3)*(1/$U3)*(1/$I3)*(12)*(1/(T3*24)) -> 0.73041823 | Y3: =V3*($F3)*(1/$D3)*(1/$U3)*(1/$I3)*(12) -> 11.138878 | Z3: 44448.699 | AA3: 44449.544 | AB3: =(AA3-Z3) -> 0.84583333 | AC3: 278.97625 | AD3: 726.256 | AE3: 0.398 | AF3: =AD3*($F3)*(1/$D3)*(1/$AC3)*(1/$I3)*(12)*(1/(AB3*24)) -> 0.32414063 | AG3: =AD3*($F3)*(1/$D3)*(1/$AC3)*(1/$I3)*(12) -> 6.5800548 | AH3: 44449.625 | AI3: 44451.69 | AJ3: =(AI3-AH3) -> 2.0645833 | AK3: 275.30392 | AL3: 336.558 | AM3: 0.055 | AN3: =AL3*($F3)*(1/$D3)*(1/$AK3)*(1/$I3)*(12)*(1/(AJ3*24)) -> 0.062360686 | AO3: =AL3*($F3)*(1/$D3)*(1/$AK3)*(1/$I3)*(12) -> 3.089972 | AP3: 44451.785 | AQ3: 44453.597 | AR3: =(AQ3-AP3) -> 1.8111111 | AS3: 275.34575 | AT3: 265.748 | AU3: 0.02 | AV3: =AT3*($F3)*(1/$D3)*(1/$AS3)*(1/$I3)*(12)*(1/(AR3*24)) -> 0.056123184 | AW3: =AT3*($F3)*(1/$D3)*(1/$AS3)*(1/$I3)*(12) -> 2.4394877 | AX3: 44453.792 | AY3: 44456.554 | AZ3: =(AY3-AX3) -> 2.7618056 | BA3: 275.28258 | BB3: 388.544 | BC3: 0.045 | BD3: =BB3*($F3)*(1/$D3)*(1/$BA3)*(1/$I3)*(12)*(1/(AZ3*24)) -> 0.053822534 | BE3: =BB3*($F3)*(1/$D3)*(1/$BA3)*(1/$I3)*(12) -> 3.567537 | BF3: 44456.599 | BG3: 44459.628 | BH3: =(BG3-BF3) -> 3.0291667 | BI3: 274.02612 | BJ3: 188.541 | BK3: 0.06 | BL3: =BJ3*($F3)*(1/$D3)*(1/$BI3)*(1/$I3)*(12)*(1/(BH3*24)) -> 0.023921391 | BM3: =BJ3*($F3)*(1/$D3)*(1/$BI3)*(1/$I3)*(12) -> 1.7390852 | BN3: 44459.66 | BO3: 44461.475 | BP3: =(BO3-BN3) -> 1.8152778 | BQ3: 276.14042 | BR3: 263.023 | BS3: 0.029 | BT3: =BR3*($F3)*(1/$D3)*(1/$BQ3)*(1/$I3)*(12)*(1/(BP3*24)) -> 0.055260706 | BU3: =BR3*($F3)*(1/$D3)*(1/$BQ3)*(1/$I3)*(12) -> 2.4075248 | BV3: 44461.515 | BW3: 44466.524 | BX3: =(BW3-BV3) -> 5.0097222 | BY3: 276.28675 | BZ3: 603.036 | CA3: 0.046 | CB3: =BZ3*($F3)*(1/$D3)*(1/$BY3)*(1/$I3)*(12)*(1/(BX3*24)) -> 0.045884426 | CC3: =BZ3*($F3)*(1/$D3)*(1/$BY3)*(1/$I3)*(12) -> 5.5168375 | CD3: 44466.567 | CE3: 44473.499 | CF3: =(CE3-CD3) -> 6.9319444 | CG3: 276.30758 | CH3: 1982.822 | CI3: 0.038 | CJ3: =CH3*($F3)*(1/$D3)*(1/$CG3)*(1/$I3)*(12)*(1/(CF3*24)) -> 0.10902639 | CK3: =CH3*($F3)*(1/$D3)*(1/$CG3)*(1/$I3)*(12) -> 18.138357 | CL3: 44473.559 | CM3: 44477.575 | CN3: =(CM3-CL3) -> 4.0159722 | CO3: 276.45387 | CP3: 2754.93 | CQ3: 0.044 | CR3: =CP3*($F3)*(1/$D3)*(1/$CO3)*(1/$I3)*(12)*(1/(CN3*24)) -> 0.26133222 | CS3: =CP3*($F3)*(1/$D3)*(1/$CO3)*(1/$I3)*(12) -> 25.18807 | CT3: 44477.635 | CU3: 44483.503 | CV3: =(CU3-CT3) -> 5.86875 | CW3: 277.06033 | CX3: 2207.193 | CY3: 0.023 | CZ3: =CX3*($F3)*(1/$D3)*(1/$CW3)*(1/$I3)*(12)*(1/(CV3*24)) -> 0.14296052 | DA3: =CX3*($F3)*(1/$D3)*(1/$CW3)*(1/$I3)*(12) -> 20.135989 | DB3: 44483.569 | DC3: 44491.541 | DD3: =(DC3-DB3) -> 7.9715278 | DE3: 277.2485 | DF3: 2277.725 | DG3: 0.077 | DH3: =DF3*($F3)*(1/$D3)*(1/$DE3)*(1/$I3)*(12)*(1/(DD3*24)) -> 0.10853912 | DI3: =DF3*($F3)*(1/$D3)*(1/$DE3)*(1/$I3)*(12) -> 20.765342 | DJ3: 44491.59 | DK3: 44498.61 | DL3: =(DK3-DJ3) -> 7.0201389 | DM3: 276.97687 | DN3: 1161.868 | DO3: 0.031 | DP3: =DN3*($F3)*(1/$D3)*(1/$DM3)*(1/$I3)*(12)*(1/(DL3*24)) -> 0.062930813 | DQ3: =DN3*($F3)*(1/$D3)*(1/$DM3)*(1/$I3)*(12) -> 10.602793 | DR3: 44498.637 | DS3: 44505.545 | DT3: =(DS3-DR3) -> 6.9076389 | DU3: 276.60067 | DV3: 791.542 | DW3: 0.022 | DX3: =DV3*($F3)*(1/$D3)*(1/$DU3)*(1/$I3)*(12)*(1/(DT3*24)) -> 0.043630168 | DY3: =DV3*($F3)*(1/$D3)*(1/$DU3)*(1/$I3)*(12) -> 7.2331547 | DZ3: 44505.58 | EA3: 44512.586 | EB3: =(EA3-DZ3) -> 7.00625 | EC3: 277.08092 | ED3: 676.274 | EE3: 0.021 | EF3: =ED3*($F3)*(1/$D3)*(1/$EC3)*(1/$I3)*(12)*(1/(EB3*24)) -> 0.036688184 | EG3: =ED3*($F3)*(1/$D3)*(1/$EC3)*(1/$I3)*(12) -> 6.1691181 | EH3: 44512.626 | EI3: 44521.664 | EJ3: =(EI3-EH3) -> 9.0381944 | EK3: 276.87229 | EL3: 923.145 | EM3: 0.043 | EN3: =EL3*($F3)*(1/$D3)*(1/$EK3)*(1/$I3)*(12)*(1/(EJ3*24)) -> 0.038851207 | EO3: =EL3*($F3)*(1/$D3)*(1/$EK3)*(1/$I3)*(12) -> 8.4274743 | EP3: 44521.722 | EQ3: 44530.573 | ER3: =(EQ3-EP3) -> 8.8506944 | ES3: 276.6425 | ET3: 795.353 | EU3: 0.034 | EV3: =ET3*($F3)*(1/$D3)*(1/$ES3)*(1/$I3)*(12)*(1/(ER3*24)) -> 0.034210502 | EW3: =ET3*($F3)*(1/$D3)*(1/$ES3)*(1/$I3)*(12) -> 7.2668808 | EX3: 44530.612 | EY3: 44539.614 | EZ3: =(EY3-EX3) -> 9.0020833 | FA3: 276.01467 | FB3: 697.36 | FC3: 0.029 | FD3: =FB3*($F3)*(1/$D3)*(1/$FA3)*(1/$I3)*(12)*(1/(EZ3*24)) -> 0.029558175 | FE3: =FB3*($F3)*(1/$D3)*(1/$FA3)*(1/$I3)*(12) -> 6.3860437 | FF3: 44539.627 | FG3: 44543.532 | FH3: =(FG3-FF3) -> 3.9048611 | FI3: 276.789 | FJ3: 469.044 | FK3: 0.021 | FL3: =FJ3*($F3)*(1/$D3)*(1/$FI3)*(1/$I3)*(12)*(1/(FH3*24)) -> 0.045704076 | FM3: =FJ3*($F3)*(1/$D3)*(1/$FI3)*(1/$I3)*(12) -> 4.2832337
A4: AT 3 REP 6 H2 | B4: 473.176 | C4: =Vol_soil_calc!L3 -> 26.629721 | D4: 0.082057366 | E4: 275.15 | F4: =(B4-C4)/1000 -> 0.44654628 | G4: =[1]incubation_physical_chemical!$I$3 -> 0.934 | H4: 38.781 | I4: =H4/(G4+1) -> 20.052223 | J4: 44447.816 | K4: 44447.831 | L4: =(K4-J4) -> 0.015277778 | M4: 275.15 | N4: 126.593 | O4: 0.073 | P4: =N4*($F4)*(1/$D4)*(1/$M4)*(1/$I4)*(12)*(1/(L4*24)) -> 4.0863575 | Q4: =N4*($F4)*(1/$D4)*(1/$M4)*(1/$I4)*(12) -> 1.4983311 | S4: 0.64027778 | T4: =(S4-R4) -> 0.64027778 | U4: 275.15 | V4: 1456.476 | W4: 1.332 | X4: =V4*($F4)*(1/$D4)*(1/$U4)*(1/$I4)*(12)*(1/(T4*24)) -> 1.1218163 | Y4: =V4*($F4)*(1/$D4)*(1/$U4)*(1/$I4)*(12) -> 17.238578 | Z4: 44448.699 | AA4: 44449.55 | AB4: =(AA4-Z4) -> 0.85138889 | AC4: 278.97625 | AD4: 726.617 | AE4: 0.604 | AF4: =AD4*($F4)*(1/$D4)*(1/$AC4)*(1/$I4)*(12)*(1/(AB4*24)) -> 0.41511337 | AG4: =AD4*($F4)*(1/$D4)*(1/$AC4)*(1/$I4)*(12) -> 8.4821498 | AH4: 44449.633 | AI4: 44451.685 | AJ4: =(AI4-AH4) -> 2.0520833 | AK4: 275.30392 | AL4: 438.302 | AM4: 0.049 | AN4: =AL4*($F4)*(1/$D4)*(1/$AK4)*(1/$I4)*(12)*(1/(AJ4*24)) -> 0.10527432 | AO4: =AL4*($F4)*(1/$D4)*(1/$AK4)*(1/$I4)*(12) -> 5.1847602 | AP4: 44451.785 | AQ4: 44453.6 | AR4: =(AQ4-AP4) -> 1.8145833 | AS4: 275.34575 | AT4: 354.849 | AU4: 0.07 | AV4: =AT4*($F4)*(1/$D4)*(1/$AS4)*(1/$I4)*(12)*(1/(AR4*24)) -> 0.096370622 | AW4: =AT4*($F4)*(1/$D4)*(1/$AS4)*(1/$I4)*(12) -> 4.1969406 | AX4: 44453.792 | AY4: 44456.57 | AZ4: =(AY4-AX4) -> 2.7777778 | BA4: 275.28258 | BB4: 339.729 | BC4: 0.023 | BD4: =BB4*($F4)*(1/$D4)*(1/$BA4)*(1/$I4)*(12)*(1/(AZ4*24)) -> 0.060285485 | BE4: =BB4*($F4)*(1/$D4)*(1/$BA4)*(1/$I4)*(12) -> 4.0190323 | BF4: 44456.599 | BG4: 44459.623 | BH4: =(BG4-BF4) -> 3.0236111 | BI4: 274.02612 | BJ4: 183.245 | BK4: 0.019 | BL4: =BJ4*($F4)*(1/$D4)*(1/$BI4)*(1/$I4)*(12)*(1/(BH4*24)) -> 0.030010318 | BM4: =BJ4*($F4)*(1/$D4)*(1/$BI4)*(1/$I4)*(12) -> 2.1777488 | BN4: 44459.66 | BO4: 44461.469 | BP4: =(BO4-BN4) -> 1.8090278 | BQ4: 276.14042 | BR4: 249.103 | BS4: 0.044 | BT4: =BR4*($F4)*(1/$D4)*(1/$BQ4)*(1/$I4)*(12)*(1/(BP4*24)) -> 0.067664382 | BU4: =BR4*($F4)*(1/$D4)*(1/$BQ4)*(1/$I4)*(12) -> 2.9377619 | BV4: 44461.515 | BW4: 44466.528 | BX4: =(BW4-BV4) -> 5.0138889 | BY4: 276.28675 | BZ4: 441.349 | CA4: 0.031 | CB4: =BZ4*($F4)*(1/$D4)*(1/$BY4)*(1/$I4)*(12)*(1/(BX4*24)) -> 0.043231844 | CC4: =BZ4*($F4)*(1/$D4)*(1/$BY4)*(1/$I4)*(12) -> 5.2022318 | CD4: 44466.567 | CE4: 44473.503 | CF4: =(CE4-CD4) -> 6.9361111 | CG4: 276.30758 | CH4: 1908.836 | CI4: 0.054 | CJ4: =CH4*($F4)*(1/$D4)*(1/$CG4)*(1/$I4)*(12)*(1/(CF4*24)) -> 0.13515003 | CK4: =CH4*($F4)*(1/$D4)*(1/$CG4)*(1/$I4)*(12) -> 22.497975 | CL4: 44473.559 | CM4: 44477.579 | CN4: =(CM4-CL4) -> 4.0201389 | CO4: 276.45387 | CP4: 2111.644 | CQ4: 0.019 | CR4: =CP4*($F4)*(1/$D4)*(1/$CO4)*(1/$I4)*(12)*(1/(CN4*24)) -> 0.25781806 | CS4: =CP4*($F4)*(1/$D4)*(1/$CO4)*(1/$I4)*(12) -> 24.875146 | CT4: 44477.635 | CU4: 44483.508 | CV4: =(CU4-CT4) -> 5.8729167 | CW4: 277.06033 | CX4: 2031.396 | CY4: 0.046 | CZ4: =CX4*($F4)*(1/$D4)*(1/$CW4)*(1/$I4)*(12)*(1/(CV4*24)) -> 0.16940365 | DA4: =CX4*($F4)*(1/$D4)*(1/$CW4)*(1/$I4)*(12) -> 23.877445 | DB4: 44483.569 | DC4: 44491.557 | DD4: =(DC4-DB4) -> 7.9875 | DE4: 277.2485 | DF4: 1437.923 | DG4: 0.022 | DH4: =DF4*($F4)*(1/$D4)*(1/$DE4)*(1/$I4)*(12)*(1/(DD4*24)) -> 0.088107307 | DI4: =DF4*($F4)*(1/$D4)*(1/$DE4)*(1/$I4)*(12) -> 16.890171 | DJ4: 44491.59 | DK4: 44498.606 | DL4: =(DK4-DJ4) -> 7.0166667 | DM4: 276.97687 | DN4: 1011.602 | DO4: 0.028 | DP4: =DN4*($F4)*(1/$D4)*(1/$DM4)*(1/$I4)*(12)*(1/(DL4*24)) -> 0.070630405 | DQ4: =DN4*($F4)*(1/$D4)*(1/$DM4)*(1/$I4)*(12) -> 11.89416 | DR4: 44498.637 | DS4: 44505.54 | DT4: =(DS4-DR4) -> 6.9027778 | DU4: 276.60067 | DV4: 831.938 | DW4: 0.02 | DX4: =DV4*($F4)*(1/$D4)*(1/$DU4)*(1/$I4)*(12)*(1/(DT4*24)) -> 0.059124873 | DY4: =DV4*($F4)*(1/$D4)*(1/$DU4)*(1/$I4)*(12) -> 9.7950206 | DZ4: 44505.58 | EA4: 44512.582 | EB4: =(EA4-DZ4) -> 7.0020833 | EC4: 277.08092 | ED4: 863.082 | EE4: 0.044 | EF4: =ED4*($F4)*(1/$D4)*(1/$EC4)*(1/$I4)*(12)*(1/(EB4*24)) -> 0.060363518 | EG4: =ED4*($F4)*(1/$D4)*(1/$EC4)*(1/$I4)*(12) -> 10.144089 | EH4: 44512.626 | EI4: 44521.66 | EJ4: =(EI4-EH4) -> 9.0347222 | EK4: 276.87229 | EL4: 762.915 | EM4: 0.028 | EN4: =EL4*($F4)*(1/$D4)*(1/$EK4)*(1/$I4)*(12)*(1/(EJ4*24)) -> 0.041384549 | EO4: =EL4*($F4)*(1/$D4)*(1/$EK4)*(1/$I4)*(12) -> 8.9735497 | EP4: 44521.722 | EQ4: 44530.565 | ER4: =(EQ4-EP4) -> 8.8423611 | ES4: 276.6425 | ET4: 837.408 | EU4: 0.413 | EV4: =ET4*($F4)*(1/$D4)*(1/$ES4)*(1/$I4)*(12)*(1/(ER4*24)) -> 0.046452205 | EW4: =ET4*($F4)*(1/$D4)*(1/$ES4)*(1/$I4)*(12) -> 9.857932 | EX4: 44530.612 | EY4: 44539.595 | EZ4: =(EY4-EX4) -> 8.9833333 | FA4: 276.01467 | FB4: 840.694 | FC4: 0.069 | FD4: =FB4*($F4)*(1/$D4)*(1/$FA4)*(1/$I4)*(12)*(1/(EZ4*24)) -> 0.046007077 | FE4: =FB4*($F4)*(1/$D4)*(1/$FA4)*(1/$I4)*(12) -> 9.9191259 | FF4: 44539.627 | FG4: 44543.509 | FH4: =(FG4-FF4) -> 3.8819444 | FI4: 276.789 | FJ4: 460.26 | FK4: 0.09 | FL4: =FJ4*($F4)*(1/$D4)*(1/$FI4)*(1/$I4)*(12)*(1/(FH4*24)) -> 0.058124799 | FM4: =FJ4*($F4)*(1/$D4)*(1/$FI4)*(1/$I4)*(12) -> 5.4152938
A5: AT 3 REP 7 H2 | B5: 473.176 | C5: =Vol_soil_calc!L4 -> 22.66666 | D5: 0.082057366 | E5: 275.15 | F5: =(B5-C5)/1000 -> 0.45050934 | G5: =[1]incubation_physical_chemical!$I$4 -> 0.814 | H5: 34.037 | I5: =H5/(G5+1) -> 18.763506 | J5: 44447.816 | K5: 44447.84 | L5: =(K5-J5) -> 0.023611111 | M5: 275.15 | N5: 157.213 | O5: 0.055 | P5: =N5*($F5)*(1/$D5)*(1/$M5)*(1/$I5)*(12)*(1/(L5*24)) -> 3.5403382 | Q5: =N5*($F5)*(1/$D5)*(1/$M5)*(1/$I5)*(12) -> 2.0061917 | S5: 0.64444444 | T5: =(S5-R5) -> 0.64444444 | U5: 275.15 | V5: 1335.774 | W5: 0.824 | X5: =V5*($F5)*(1/$D5)*(1/$U5)*(1/$I5)*(12)*(1/(T5*24)) -> 1.102098 | Y5: =V5*($F5)*(1/$D5)*(1/$U5)*(1/$I5)*(12) -> 17.045783 | Z5: 44448.699 | AA5: 44449.554 | AB5: =(AA5-Z5) -> 0.85555556 | AC5: 278.97625 | AD5: 638.452 | AE5: 0.223 | AF5: =AD5*($F5)*(1/$D5)*(1/$AC5)*(1/$I5)*(12)*(1/(AB5*24)) -> 0.39134072 | AG5: =AD5*($F5)*(1/$D5)*(1/$AC5)*(1/$I5)*(12) -> 8.0355295 | AH5: 44449.625 | AI5: 44451.681 | AJ5: =(AI5-AH5) -> 2.05625 | AK5: 275.30392 | AL5: 493.493 | AM5: 0.179 | AN5: =AL5*($F5)*(1/$D5)*(1/$AK5)*(1/$I5)*(12)*(1/(AJ5*24)) -> 0.12753663 | AO5: =AL5*($F5)*(1/$D5)*(1/$AK5)*(1/$I5)*(12) -> 6.2939326 | AP5: 44451.778 | AQ5: 44453.606 | AR5: =(AQ5-AP5) -> 1.8284722 | AS5: 275.34575 | AT5: 315.212 | AU5: 0.04 | AV5: =AT5*($F5)*(1/$D5)*(1/$AS5)*(1/$I5)*(12)*(1/(AR5*24)) -> 0.091596365 | AW5: =AT5*($F5)*(1/$D5)*(1/$AS5)*(1/$I5)*(12) -> 4.0195538 | AX5: 44453.792 | AY5: 44456.567 | AZ5: =(AY5-AX5) -> 2.7743056 | BA5: 275.28258 | BB5: 452.546 | BC5: 0.058 | BD5: =BB5*($F5)*(1/$D5)*(1/$BA5)*(1/$I5)*(12)*(1/(AZ5*24)) -> 0.086690587 | BE5: =BB5*($F5)*(1/$D5)*(1/$BA5)*(1/$I5)*(12) -> 5.7721482 | BF5: 44456.599 | BG5: 44459.617 | BH5: =(BG5-BF5) -> 3.0180556 | BI5: 274.02612 | BJ5: 220.401 | BK5: 0.041 | BL5: =BJ5*($F5)*(1/$D5)*(1/$BI5)*(1/$I5)*(12)*(1/(BH5*24)) -> 0.038988507 | BM5: =BJ5*($F5)*(1/$D5)*(1/$BI5)*(1/$I5)*(12) -> 2.8240675 | BN5: 44459.66 | BO5: 44461.492 | BP5: =(BO5-BN5) -> 1.8326389 | BQ5: 276.14042 | BR5: 272.437 | BS5: 0.017 | BT5: =BR5*($F5)*(1/$D5)*(1/$BQ5)*(1/$I5)*(12)*(1/(BP5*24)) -> 0.078759229 | BU5: =BR5*($F5)*(1/$D5)*(1/$BQ5)*(1/$I5)*(12) -> 3.4640934 | BV5: 44461.515 | BW5: 44466.531 | BX5: =(BW5-BV5) -> 5.0166667 | BY5: 276.28675 | BZ5: 547.273 | CA5: 0.02 | CB5: =BZ5*($F5)*(1/$D5)*(1/$BY5)*(1/$I5)*(12)*(1/(BX5*24)) -> 0.057765822 | CC5: =BZ5*($F5)*(1/$D5)*(1/$BY5)*(1/$I5)*(12) -> 6.955005 | CD5: 44466.567 | CE5: 44473.506 | CF5: =(CE5-CD5) -> 6.9395833 | CG5: 276.30758 | CH5: 2107.249 | CI5: 0.037 | CJ5: =CH5*($F5)*(1/$D5)*(1/$CG5)*(1/$I5)*(12)*(1/(CF5*24)) -> 0.16077995 | CK5: =CH5*($F5)*(1/$D5)*(1/$CG5)*(1/$I5)*(12) -> 26.777901 | CL5: 44473.559 | CM5: 44477.584 | CN5: =(CM5-CL5) -> 4.025 | CO5: 276.45387 | CP5: 1857.636 | CQ5: 0.018 | CR5: =CP5*($F5)*(1/$D5)*(1/$CO5)*(1/$I5)*(12)*(1/(CN5*24)) -> 0.24423859 | CS5: =CP5*($F5)*(1/$D5)*(1/$CO5)*(1/$I5)*(12) -> 23.593448 | CT5: 44477.635 | CU5: 44483.526 | CV5: =(CU5-CT5) -> 5.8909722 | CW5: 277.06033 | CX5: 1449.447 | CY5: 0.019 | CZ5: =CX5*($F5)*(1/$D5)*(1/$CW5)*(1/$I5)*(12)*(1/(CV5*24)) -> 0.12992217 | DA5: =CX5*($F5)*(1/$D5)*(1/$CW5)*(1/$I5)*(12) -> 18.368829 | DB5: 44483.569 | DC5: 44491.553 | DD5: =(DC5-DB5) -> 7.9833333 | DE5: 277.2485 | DF5: 1242.024 | DG5: 0.026 | DH5: =DF5*($F5)*(1/$D5)*(1/$DE5)*(1/$I5)*(12)*(1/(DD5*24)) -> 0.082095388 | DI5: =DF5*($F5)*(1/$D5)*(1/$DE5)*(1/$I5)*(12) -> 15.729476 | DJ5: 44491.59 | DK5: 44498.603 | DL5: =(DK5-DJ5) -> 7.0131944 | DM5: 276.97687 | DN5: 858.673 | DO5: 0.056 | DP5: =DN5*($F5)*(1/$D5)*(1/$DM5)*(1/$I5)*(12)*(1/(DL5*24)) -> 0.064671161 | DQ5: =DN5*($F5)*(1/$D5)*(1/$DM5)*(1/$I5)*(12) -> 10.885234 | DR5: 44498.637 | DS5: 44505.537 | DT5: =(DS5-DR5) -> 6.8993056 | DU5: 276.60067 | DV5: 715.858 | DW5: 0.022 | DX5: =DV5*($F5)*(1/$D5)*(1/$DU5)*(1/$I5)*(12)*(1/(DT5*24)) -> 0.054879547 | DY5: =DV5*($F5)*(1/$D5)*(1/$DU5)*(1/$I5)*(12) -> 9.0871384 | DZ5: 44505.58 | EA5: 44512.598 | EB5: =(EA5-DZ5) -> 7.0180556 | EC5: 277.08092 | ED5: 629.431 | EE5: 0.02 | EF5: =ED5*($F5)*(1/$D5)*(1/$EC5)*(1/$I5)*(12)*(1/(EB5*24)) -> 0.047355121 | EG5: =ED5*($F5)*(1/$D5)*(1/$EC5)*(1/$I5)*(12) -> 7.9761809 | EH5: 44512.626 | EI5: 44521.647 | EJ5: =(EI5-EH5) -> 9.0215278 | EK5: 276.87229 | EL5: 759.278 | EM5: 0.044 | EN5: =EL5*($F5)*(1/$D5)*(1/$EK5)*(1/$I5)*(12)*(1/(EJ5*24)) -> 0.044471673 | EO5: =EL5*($F5)*(1/$D5)*(1/$EK5)*(1/$I5)*(12) -> 9.6288584 | EP5: 44521.722 | EQ5: 44530.58 | ER5: =(EQ5-EP5) -> 8.8576389 | ES5: 276.6425 | ET5: 812.082 | EU5: 0.027 | EV5: =ET5*($F5)*(1/$D5)*(1/$ES5)*(1/$I5)*(12)*(1/(ER5*24)) -> 0.04848476 | EW5: =ET5*($F5)*(1/$D5)*(1/$ES5)*(1/$I5)*(12) -> 10.307052 | EX5: 44530.612 | EY5: 44539.565 | EZ5: =(EY5-EX5) -> 8.9534722 | FA5: 276.01467 | FB5: 1517.855 | FC5: 0.175 | FD5: =FB5*($F5)*(1/$D5)*(1/$FA5)*(1/$I5)*(12)*(1/(EZ5*24)) -> 0.089856371 | FE5: =FB5*($F5)*(1/$D5)*(1/$FA5)*(1/$I5)*(12) -> 19.308636 | FF5: 44539.627 | FG5: 44543.491 | FH5: =(FG5-FF5) -> 3.8638889 | FI5: 276.789 | FJ5: 498.413 | FK5: 0.019 | FL5: =FJ5*($F5)*(1/$D5)*(1/$FI5)*(1/$I5)*(12)*(1/(FH5*24)) -> 0.06818018 | FM5: =FJ5*($F5)*(1/$D5)*(1/$FI5)*(1/$I5)*(12) -> 6.3225754
A6: AT 3 REP 8 H2 | B6: 473.176 | C6: =Vol_soil_calc!L5 -> 19.855698 | D6: 0.082057366 | E6: 275.15 | F6: =(B6-C6)/1000 -> 0.4533203 | G6: {=[1]incubation_physical_chemical!$I$5:$I$25} -> 0.365 | H6: 35.708 | I6: =H6/(G6+1) -> 26.159707 | J6: 44447.816 | K6: 44447.845 | L6: =(K6-J6) -> 0.029166667 | M6: 275.15 | N6: 197.083 | O6: 0.079 | P6: =N6*($F6)*(1/$D6)*(1/$M6)*(1/$I6)*(12)*(1/(L6*24)) -> 2.5930899 | Q6: =N6*($F6)*(1/$D6)*(1/$M6)*(1/$I6)*(12) -> 1.8151629 | S6: 0.64861111 | T6: =(S6-R6) -> 0.64861111 | U6: 275.15 | V6: 869.095 | W6: 0.676 | X6: =V6*($F6)*(1/$D6)*(1/$U6)*(1/$I6)*(12)*(1/(T6*24)) -> 0.51420711 | Y6: =V6*($F6)*(1/$D6)*(1/$U6)*(1/$I6)*(12) -> 8.0044907 | Z6: 44448.699 | AA6: 44449.56 | AB6: =(AA6-Z6) -> 0.86111111 | AC6: 278.97625 | AD6: 540.49 | AE6: 0.281 | AF6: =AD6*($F6)*(1/$D6)*(1/$AC6)*(1/$I6)*(12)*(1/(AB6*24)) -> 0.23756692 | AG6: =AD6*($F6)*(1/$D6)*(1/$AC6)*(1/$I6)*(12) -> 4.9097163 | AH6: 44449.633 | AI6: 44451.676 | AJ6: =(AI6-AH6) -> 2.0423611 | AK6: 275.30392 | AL6: 307.109 | AM6: 0.179 | AN6: =AL6*($F6)*(1/$D6)*(1/$AK6)*(1/$I6)*(12)*(1/(AJ6*24)) -> 0.057672974 | AO6: =AL6*($F6)*(1/$D6)*(1/$AK6)*(1/$I6)*(12) -> 2.8269369 | AP6: 44451.778 | AQ6: 44453.61 | AR6: =(AQ6-AP6) -> 1.8326389 | AS6: 275.34575 | AT6: 236.031 | AU6: 0.1 | AV6: =AT6*($F6)*(1/$D6)*(1/$AS6)*(1/$I6)*(12)*(1/(AR6*24)) -> 0.04938994 | AW6: =AT6*($F6)*(1/$D6)*(1/$AS6)*(1/$I6)*(12) -> 2.1723342 | AX6: 44453.792 | AY6: 44456.562 | AZ6: =(AY6-AX6) -> 2.7701389 | BA6: 275.28258 | BB6: 248.84 | BC6: 0.096 | BD6: =BB6*($F6)*(1/$D6)*(1/$BA6)*(1/$I6)*(12)*(1/(AZ6*24)) -> 0.034455983 | BE6: =BB6*($F6)*(1/$D6)*(1/$BA6)*(1/$I6)*(12) -> 2.2907486 | BF6: 44456.599 | BG6: 44459.614 | BH6: =(BG6-BF6) -> 3.0145833 | BI6: 274.02612 | BJ6: 93.784 | BK6: 0.015 | BL6: =BJ6*($F6)*(1/$D6)*(1/$BI6)*(1/$I6)*(12)*(1/(BH6*24)) -> 0.011987654 | BM6: =BJ6*($F6)*(1/$D6)*(1/$BI6)*(1/$I6)*(12) -> 0.8673068 | BN6: 44459.66 | BO6: 44461.497 | BP6: =(BO6-BN6) -> 1.8375 | BQ6: 276.14042 | BR6: 186.863 | BS6: 0.019 | BT6: =BR6*($F6)*(1/$D6)*(1/$BQ6)*(1/$I6)*(12)*(1/(BP6*24)) -> 0.038885771 | BU6: =BR6*($F6)*(1/$D6)*(1/$BQ6)*(1/$I6)*(12) -> 1.7148625 | BV6: 44461.515 | BW6: 44466.536 | BX6: =(BW6-BV6) -> 5.0215278 | BY6: 276.28675 | BZ6: 429.262 | CA6: 0.035 | CB6: =BZ6*($F6)*(1/$D6)*(1/$BY6)*(1/$I6)*(12)*(1/(BX6*24)) -> 0.032670159 | CC6: =BZ6*($F6)*(1/$D6)*(1/$BY6)*(1/$I6)*(12) -> 3.9372986 | CD6: 44466.567 | CE6: 44473.511 | CF6: =(CE6-CD6) -> 6.9444444 | CG6: 276.30758 | CH6: 1670.02 | CI6: 0.042 | CJ6: =CH6*($F6)*(1/$D6)*(1/$CG6)*(1/$I6)*(12)*(1/(CF6*24)) -> 0.091900122 | CK6: =CH6*($F6)*(1/$D6)*(1/$CG6)*(1/$I6)*(12) -> 15.316687 | CL6: 44473.559 | CM6: 44477.602 | CN6: =(CM6-CL6) -> 4.0430556 | CO6: 276.45387 | CP6: 1474.182 | CQ6: 0.019 | CR6: =CP6*($F6)*(1/$D6)*(1/$CO6)*(1/$I6)*(12)*(1/(CN6*24)) -> 0.13926547 | CS6: =CP6*($F6)*(1/$D6)*(1/$CO6)*(1/$I6)*(12) -> 13.513392 | CT6: 44477.635 | CU6: 44483.53 | CV6: =(CU6-CT6) -> 5.8951389 | CW6: 277.06033 | CX6: 1369.524 | CY6: 0.023 | CZ6: =CX6*($F6)*(1/$D6)*(1/$CW6)*(1/$I6)*(12)*(1/(CV6*24)) -> 0.08853724 | DA6: =CX6*($F6)*(1/$D6)*(1/$CW6)*(1/$I6)*(12) -> 12.526544 | DB6: 44483.569 | DC6: 44491.549 | DD6: =(DC6-DB6) -> 7.9791667 | DE6: 277.2485 | DF6: 1286.815 | DG6: 0.029 | DH6: =DF6*($F6)*(1/$D6)*(1/$DE6)*(1/$I6)*(12)*(1/(DD6*24)) -> 0.061420606 | DI6: =DF6*($F6)*(1/$D6)*(1/$DE6)*(1/$I6)*(12) -> 11.762046 | DJ6: 44491.59 | DK6: 44498.597 | DL6: =(DK6-DJ6) -> 7.0076389 | DM6: 276.97687 | DN6: 1100.502 | DO6: 0.05 | DP6: =DN6*($F6)*(1/$D6)*(1/$DM6)*(1/$I6)*(12)*(1/(DL6*24)) -> 0.05986877 | DQ6: =DN6*($F6)*(1/$D6)*(1/$DM6)*(1/$I6)*(12) -> 10.068929 | DR6: 44498.637 | DS6: 44505.554 | DT6: =(DS6-DR6) -> 6.9166667 | DU6: 276.60067 | DV6: 643.069 | DW6: 0.099 | DX6: =DV6*($F6)*(1/$D6)*(1/$DU6)*(1/$I6)*(12)*(1/(DT6*24)) -> 0.035492144 | DY6: =DV6*($F6)*(1/$D6)*(1/$DU6)*(1/$I6)*(12) -> 5.8916959 | DZ6: 44505.58 | EA6: 44512.603 | EB6: =(EA6-DZ6) -> 7.0229167 | EC6: 277.08092 | ED6: 588.73 | EE6: 0.027 | EF6: =ED6*($F6)*(1/$D6)*(1/$EC6)*(1/$I6)*(12)*(1/(EB6*24)) -> 0.03194602 | EG6: =ED6*($F6)*(1/$D6)*(1/$EC6)*(1/$I6)*(12) -> 5.3845017 | EH6: 44512.626 | EI6: 44521.637 | EJ6: =(EI6-EH6) -> 9.0118056 | EK6: 276.87229 | EL6: 722.882 | EM6: 0.1 | EN6: =EL6*($F6)*(1/$D6)*(1/$EK6)*(1/$I6)*(12)*(1/(EJ6*24)) -> 0.030591504 | EO6: =EL6*($F6)*(1/$D6)*(1/$EK6)*(1/$I6)*(12) -> 6.6164325 | EP6: 44521.722 | EQ6: 44530.549 | ER6: =(EQ6-EP6) -> 8.8263889 | ES6: 276.6425 | ET6: 658.959 | EU6: 0.037 | EV6: =ET6*($F6)*(1/$D6)*(1/$ES6)*(1/$I6)*(12)*(1/(ER6*24)) -> 0.02849582 | EW6: =ET6*($F6)*(1/$D6)*(1/$ES6)*(1/$I6)*(12) -> 6.0363646 | EX6: 44530.612 | EY6: 44539.607 | EZ6: =(EY6-EX6) -> 8.9951389 | FA6: 276.01467 | FB6: 593.816 | FC6: 0.109 | FD6: =FB6*($F6)*(1/$D6)*(1/$FA6)*(1/$I6)*(12)*(1/(EZ6*24)) -> 0.025254373 | FE6: =FB6*($F6)*(1/$D6)*(1/$FA6)*(1/$I6)*(12) -> 5.4519982 | FF6: 44539.627 | FG6: 44543.525 | FH6: =(FG6-FF6) -> 3.8979167 | FI6: 276.789 | FJ6: 413.13 | FK6: 0.202 | FL6: =FJ6*($F6)*(1/$D6)*(1/$FI6)*(1/$I6)*(12)*(1/(FH6*24)) -> 0.040432452 | FM6: =FJ6*($F6)*(1/$D6)*(1/$FI6)*(1/$I6)*(12) -> 3.7824559
A7: AT 4 REP 5 H2 | B7: 473.176 | C7: =Vol_soil_calc!L6 -> 21.357253 | D7: 0.082057366 | E7: 275.15 | F7: =(B7-C7)/1000 -> 0.45181875 | G7: 0.441 | H7: 37.253 | I7: =H7/(G7+1) -> 25.852186 | J7: 44447.816 | K7: 44447.85 | L7: =(K7-J7) -> 0.034027778 | M7: 275.15 | N7: 147.908 | O7: 0.025 | P7: =N7*($F7)*(1/$D7)*(1/$M7)*(1/$I7)*(12)*(1/(L7*24)) -> 1.6823175 | Q7: =N7*($F7)*(1/$D7)*(1/$M7)*(1/$I7)*(12) -> 1.3738926 | S7: 0.65347222 | T7: =(S7-R7) -> 0.65347222 | U7: 275.15 | V7: 642.869 | W7: 0.518 | X7: =V7*($F7)*(1/$D7)*(1/$U7)*(1/$I7)*(12)*(1/(T7*24)) -> 0.38075467 | Y7: =V7*($F7)*(1/$D7)*(1/$U7)*(1/$I7)*(12) -> 5.9715025 | Z7: 44448.699 | AA7: 44449.565 | AB7: =(AA7-Z7) -> 0.86666667 | AC7: 278.97625 | AD7: 332.047 | AE7: 0.303 | AF7: =AD7*($F7)*(1/$D7)*(1/$AC7)*(1/$I7)*(12)*(1/(AB7*24)) -> 0.14625127 | AG7: =AD7*($F7)*(1/$D7)*(1/$AC7)*(1/$I7)*(12) -> 3.0420264 | AH7: 44449.625 | AI7: 44451.706 | AJ7: =(AI7-AH7) -> 2.0805556 | AK7: 275.30392 | AL7: 206.081 | AM7: 0.039 | AN7: =AL7*($F7)*(1/$D7)*(1/$AK7)*(1/$I7)*(12)*(1/(AJ7*24)) -> 0.03831472 | AO7: =AL7*($F7)*(1/$D7)*(1/$AK7)*(1/$I7)*(12) -> 1.9131817 | AP7: 44451.785 | AQ7: 44453.614 | AR7: =(AQ7-AP7) -> 1.8284722 | AS7: 275.34575 | AT7: 133.775 | AU7: 0.01 | AV7: =AT7*($F7)*(1/$D7)*(1/$AS7)*(1/$I7)*(12)*(1/(AR7*24)) -> 0.028296168 | AW7: =AT7*($F7)*(1/$D7)*(1/$AS7)*(1/$I7)*(12) -> 1.2417302 | AX7: 44453.792 | AY7: 44456.581 | AZ7: =(AY7-AX7) -> 2.7881944 | BA7: 275.28258 | BB7: 174.1 | BC7: 0.05 | BD7: =BB7*($F7)*(1/$D7)*(1/$BA7)*(1/$I7)*(12)*(1/(AZ7*24)) -> 0.02415552 | BE7: =BB7*($F7)*(1/$D7)*(1/$BA7)*(1/$I7)*(12) -> 1.6164069 | BF7: 44456.599 | BG7: 44459.646 | BH7: =(BG7-BF7) -> 3.0465278 | BI7: 274.02612 | BJ7: 103.486 | BK7: 0.034 | BL7: =BJ7*($F7)*(1/$D7)*(1/$BI7)*(1/$I7)*(12)*(1/(BH7*24)) -> 0.013200911 | BM7: =BJ7*($F7)*(1/$D7)*(1/$BI7)*(1/$I7)*(12) -> 0.96520659 | BN7: 44459.66 | BO7: 44461.458 | BP7: =(BO7-BN7) -> 1.7979167 | BQ7: 276.14042 | BR7: 117.095 | BS7: 0.021 | BT7: =BR7*($F7)*(1/$D7)*(1/$BQ7)*(1/$I7)*(12)*(1/(BP7*24)) -> 0.025116448 | BU7: =BR7*($F7)*(1/$D7)*(1/$BQ7)*(1/$I7)*(12) -> 1.0837747 | BV7: 44461.515 | BW7: 44466.501 | BX7: =(BW7-BV7) -> 4.9868056 | BY7: 276.28675 | BZ7: 401.722 | CA7: 0.055 | CB7: =BZ7*($F7)*(1/$D7)*(1/$BY7)*(1/$I7)*(12)*(1/(BX7*24)) -> 0.031050066 | CC7: =BZ7*($F7)*(1/$D7)*(1/$BY7)*(1/$I7)*(12) -> 3.7161754 | CD7: 44466.567 | CE7: 44473.515 | CF7: =(CE7-CD7) -> 6.9479167 | CG7: 276.30758 | CH7: 1223.426 | CI7: 0.033 | CJ7: =CH7*($F7)*(1/$D7)*(1/$CG7)*(1/$I7)*(12)*(1/(CF7*24)) -> 0.067865602 | CK7: =CH7*($F7)*(1/$D7)*(1/$CG7)*(1/$I7)*(12) -> 11.316589 | CL7: 44473.559 | CM7: 44477.607 | CN7: =(CM7-CL7) -> 4.0479167 | CO7: 276.45387 | CP7: 1165.385 | CQ7: 0.044 | CR7: =CP7*($F7)*(1/$D7)*(1/$CO7)*(1/$I7)*(12)*(1/(CN7*24)) -> 0.11090078 | CS7: =CP7*($F7)*(1/$D7)*(1/$CO7)*(1/$I7)*(12) -> 10.77401 | CT7: 44477.635 | CU7: 44483.548 | CV7: =(CU7-CT7) -> 5.9131944 | CW7: 277.06033 | CX7: 2037.531 | CY7: 0.024 | CZ7: =CX7*($F7)*(1/$D7)*(1/$CW7)*(1/$I7)*(12)*(1/(CV7*24)) -> 0.13244242 | DA7: =CX7*($F7)*(1/$D7)*(1/$CW7)*(1/$I7)*(12) -> 18.795787 | DB7: 44483.569 | DC7: 44491.575 | DD7: =(DC7-DB7) -> 8.0055556 | DE7: 277.2485 | DF7: 2653.738 | DG7: 0.055 | DH7: =DF7*($F7)*(1/$D7)*(1/$DE7)*(1/$I7)*(12)*(1/(DD7*24)) -> 0.1273259 | DI7: =DF7*($F7)*(1/$D7)*(1/$DE7)*(1/$I7)*(12) -> 24.46355 | DJ7: 44491.59 | DK7: 44498.626 | DL7: =(DK7-DJ7) -> 7.0368056 | DM7: 276.97687 | DN7: 1311.057 | DO7: 0.025 | DP7: =DN7*($F7)*(1/$D7)*(1/$DM7)*(1/$I7)*(12)*(1/(DL7*24)) -> 0.071634448 | DQ7: =DN7*($F7)*(1/$D7)*(1/$DM7)*(1/$I7)*(12) -> 12.097864 | DR7: 44498.637 | DS7: 44505.519 | DT7: =(DS7-DR7) -> 6.8819444 | DU7: 276.60067 | DV7: 1119.669 | DW7: 0.048 | DX7: =DV7*($F7)*(1/$D7)*(1/$DU7)*(1/$I7)*(12)*(1/(DT7*24)) -> 0.06263898 | DY7: =DV7*($F7)*(1/$D7)*(1/$DU7)*(1/$I7)*(12) -> 10.345872 | DZ7: 44505.58 | EA7: 44512.567 | EB7: =(EA7-DZ7) -> 6.9875 | EC7: 277.08092 | ED7: 632.444 | EE7: 0.024 | EF7: =ED7*($F7)*(1/$D7)*(1/$EC7)*(1/$I7)*(12)*(1/(EB7*24)) -> 0.034786685 | EG7: =ED7*($F7)*(1/$D7)*(1/$EC7)*(1/$I7)*(12) -> 5.8337271 | EH7: 44512.626 | EI7: 44521.645 | EJ7: =(EI7-EH7) -> 9.0194444 | EK7: 276.87229 | EL7: 741.349 | EM7: 0.041 | EN7: =EL7*($F7)*(1/$D7)*(1/$EK7)*(1/$I7)*(12)*(1/(EJ7*24)) -> 0.031614246 | EO7: =EL7*($F7)*(1/$D7)*(1/$EK7)*(1/$I7)*(12) -> 6.8434305 | EP7: 44521.722 | EQ7: 44530.576 | ER7: =(EQ7-EP7) -> 8.8541667 | ES7: 276.6425 | ET7: 735.508 | EU7: 0.045 | EV7: =ET7*($F7)*(1/$D7)*(1/$ES7)*(1/$I7)*(12)*(1/(ER7*24)) -> 0.031977184 | EW7: =ET7*($F7)*(1/$D7)*(1/$ES7)*(1/$I7)*(12) -> 6.7951516 | EX7: 44530.612 | EY7: 44539.617 | EZ7: =(EY7-EX7) -> 9.0055556 | FA7: 276.01467 | FB7: 819.533 | FC7: 0.027 | FD7: =FB7*($F7)*(1/$D7)*(1/$FA7)*(1/$I7)*(12)*(1/(EZ7*24)) -> 0.035110999 | FE7: =FB7*($F7)*(1/$D7)*(1/$FA7)*(1/$I7)*(12) -> 7.5886572 | FF7: 44539.627 | FG7: 44543.487 | FH7: =(FG7-FF7) -> 3.8597222 | FI7: 276.789 | FJ7: 429.025 | FK7: 0.025 | FL7: =FJ7*($F7)*(1/$D7)*(1/$FI7)*(1/$I7)*(12)*(1/(FH7*24)) -> 0.042765852 | FM7: =FJ7*($F7)*(1/$D7)*(1/$FI7)*(1/$I7)*(12) -> 3.9615434
A8: AT 4 REP 6 H2 | B8: 473.176 | C8: =Vol_soil_calc!L7 -> 17.917343 | D8: 0.082057366 | E8: 275.15 | F8: =(B8-C8)/1000 -> 0.45525866 | G8: 0.271 | H8: 34.708 | I8: =H8/(G8+1) -> 27.307632 | J8: 44447.816 | K8: 44447.855 | L8: =(K8-J8) -> 0.038888889 | M8: 275.15 | N8: 210.403 | O8: 0.124 | P8: =N8*($F8)*(1/$D8)*(1/$M8)*(1/$I8)*(12)*(1/(L8*24)) -> 1.9974848 | Q8: =N8*($F8)*(1/$D8)*(1/$M8)*(1/$I8)*(12) -> 1.8643191 | S8: 0.65763889 | T8: =(S8-R8) -> 0.65763889 | U8: 275.15 | V8: 786.806 | W8: 0.7 | X8: =V8*($F8)*(1/$D8)*(1/$U8)*(1/$I8)*(12)*(1/(T8*24)) -> 0.44171003 | Y8: =V8*($F8)*(1/$D8)*(1/$U8)*(1/$I8)*(12) -> 6.9716567 | Z8: 44448.699 | AA8: 44449.569 | AB8: =(AA8-Z8) -> 0.87013889 | AC8: 278.97625 | AD8: 479.487 | AE8: 0.777 | AF8: =AD8*($F8)*(1/$D8)*(1/$AC8)*(1/$I8)*(12)*(1/(AB8*24)) -> 0.20065391 | AG8: =AD8*($F8)*(1/$D8)*(1/$AC8)*(1/$I8)*(12) -> 4.1903225 | AH8: 9/10/2021 13:00:00 PM | AI8: 9/12/2021 16:51:00 PM | AJ8: =(AI9-AH9) -> 2.0729167 | AK8: 275.30392 | AL8: 283.27 | AM8: 0.275 | AN8: =AL8*($F8)*(1/$D8)*(1/$AK8)*(1/$I8)*(12)*(1/(AJ8*24)) -> 0.050423496 | AO8: =AL8*($F8)*(1/$D8)*(1/$AK8)*(1/$I8)*(12) -> 2.5085689 | AP8: 44451.778 | AQ8: 44453.619 | AR8: =(AQ8-AP8) -> 1.8409722 | AS8: 275.34575 | AT8: 231.029 | AU8: 0.01 | AV8: =AT8*($F8)*(1/$D8)*(1/$AS8)*(1/$I8)*(12)*(1/(AR8*24)) -> 0.046298561 | AW8: =AT8*($F8)*(1/$D8)*(1/$AS8)*(1/$I8)*(12) -> 2.0456247 | AX8: 44453.792 | AY8: 44456.588 | AZ8: =(AY8-AX8) -> 2.7958333 | BA8: 275.28258 | BB8: 190.296 | BC8: 0.203 | BD8: =BB8*($F8)*(1/$D8)*(1/$BA8)*(1/$I8)*(12)*(1/(AZ8*24)) -> 0.025116913 | BE8: =BB8*($F8)*(1/$D8)*(1/$BA8)*(1/$I8)*(12) -> 1.6853448 | BF8: 44456.599 | BG8: 44459.642 | BH8: =(BG8-BF8) -> 3.0423611 | BI8: 274.02612 | BJ8: 125.629 | BK8: 0.328 | BL8: =BJ8*($F8)*(1/$D8)*(1/$BI8)*(1/$I8)*(12)*(1/(BH8*24)) -> 0.015307835 | BM8: =BJ8*($F8)*(1/$D8)*(1/$BI8)*(1/$I8)*(12) -> 1.1177271 | BN8: 44459.66 | BO8: 44461.454 | BP8: =(BO8-BN8) -> 1.7944444 | BQ8: 276.14042 | BR8: 122.595 | BS8: 0.147 | BT8: =BR8*($F8)*(1/$D8)*(1/$BQ8)*(1/$I8)*(12)*(1/(BP8*24)) -> 0.025132713 | BU8: =BR8*($F8)*(1/$D8)*(1/$BQ8)*(1/$I8)*(12) -> 1.0823822 | BV8: 44461.515 | BW8: 44466.498 | BX8: =(BW8-BV8) -> 4.9833333 | BY8: 276.28675 | BZ8: 238.279 | CA8: 0.306 | CB8: =BZ8*($F8)*(1/$D8)*(1/$BY8)*(1/$I8)*(12)*(1/(BX8*24)) -> 0.017580547 | CC8: =BZ8*($F8)*(1/$D8)*(1/$BY8)*(1/$I8)*(12) -> 2.1026334 | CD8: 44466.567 | CE8: 44473.519 | CF8: =(CE8-CD8) -> 6.9527778 | CG8: 276.30758 | CH8: 621.904 | CI8: 0.397 | CJ8: =CH8*($F8)*(1/$D8)*(1/$CG8)*(1/$I8)*(12)*(1/(CF8*24)) -> 0.032885073 | CK8: =CH8*($F8)*(1/$D8)*(1/$CG8)*(1/$I8)*(12) -> 5.4874224 | CL8: 44473.559 | CM8: 44477.59 | CN8: =(CM8-CL8) -> 4.0305556 | CO8: 276.45387 | CP8: 894.687 | CQ8: 0.256 | CR8: =CP8*($F8)*(1/$D8)*(1/$CO8)*(1/$I8)*(12)*(1/(CN8*24)) -> 0.081566183 | CS8: =CP8*($F8)*(1/$D8)*(1/$CO8)*(1/$I8)*(12) -> 7.8901688 | CT8: 44477.635 | CU8: 44483.534 | CV8: =(CU8-CT8) -> 5.8993056 | CW8: 277.06033 | CX8: 1855.664 | CY8: 0.311 | CZ8: =CX8*($F8)*(1/$D8)*(1/$CW8)*(1/$I8)*(12)*(1/(CV8*24)) -> 0.11533223 | DA8: =CX8*($F8)*(1/$D8)*(1/$CW8)*(1/$I8)*(12) -> 16.329122 | DB8: 44483.569 | DC8: 44491.571 | DD8: =(DC8-DB8) -> 8.0013889 | DE8: 277.2485 | DF8: 2214.358 | DG8: 0.396 | DH8: =DF8*($F8)*(1/$D8)*(1/$DE8)*(1/$I8)*(12)*(1/(DD8*24)) -> 0.10140044 | DI8: =DF8*($F8)*(1/$D8)*(1/$DE8)*(1/$I8)*(12) -> 19.472265 | DJ8: 44491.59 | DK8: 44498.623 | DL8: =(DK8-DJ8) -> 7.0333333 | DM8: 276.97687 | DN8: 1416.54 | DO8: 0.65 | DP8: =DN8*($F8)*(1/$D8)*(1/$DM8)*(1/$I8)*(12)*(1/(DL8*24)) -> 0.073867047 | DQ8: =DN8*($F8)*(1/$D8)*(1/$DM8)*(1/$I8)*(12) -> 12.468758 | DR8: 44498.637 | DS8: 44505.57 | DT8: =(DS8-DR8) -> 6.9326389 | DU8: 276.60067 | DV8: 827.261 | DW8: 0.382 | DX8: =DV8*($F8)*(1/$D8)*(1/$DU8)*(1/$I8)*(12)*(1/(DT8*24)) -> 0.043824539 | DY8: =DV8*($F8)*(1/$D8)*(1/$DU8)*(1/$I8)*(12) -> 7.2916729 | DZ8: 44505.58 | EA8: 44512.564 | EB8: =(EA8-DZ8) -> 6.9840278 | EC8: 277.08092 | ED8: 719.008 | EE8: 0.522 | EF8: =ED8*($F8)*(1/$D8)*(1/$EC8)*(1/$I8)*(12)*(1/(EB8*24)) -> 0.037743985 | EG8: =ED8*($F8)*(1/$D8)*(1/$EC8)*(1/$I8)*(12) -> 6.326521 | EH8: 44512.626 | EI8: 44521.658 | EJ8: =(EI8-EH8) -> 9.0319444 | EK8: 276.87229 | EL8: 711.353 | EM8: 0.323 | EN8: =EL8*($F8)*(1/$D8)*(1/$EK8)*(1/$I8)*(12)*(1/(EJ8*24)) -> 0.028896884 | EO8: =EL8*($F8)*(1/$D8)*(1/$EK8)*(1/$I8)*(12) -> 6.2638813 | EP8: 44521.722 | EQ8: 44530.541 | ER8: =(EQ8-EP8) -> 8.81875 | ES8: 276.6425 | ET8: 778.594 | EU8: 0.596 | EV8: =ET8*($F8)*(1/$D8)*(1/$ES8)*(1/$I8)*(12)*(1/(ER8*24)) -> 0.032419904 | EW8: =ET8*($F8)*(1/$D8)*(1/$ES8)*(1/$I8)*(12) -> 6.8616727 | EX8: 44530.612 | EY8: 44539.578 | EZ8: =(EY8-EX8) -> 8.9666667 | FA8: 276.01467 | FB8: 705.917 | FC8: 0.327 | FD8: =FB8*($F8)*(1/$D8)*(1/$FA8)*(1/$I8)*(12)*(1/(EZ8*24)) -> 0.028974574 | FE8: =FB8*($F8)*(1/$D8)*(1/$FA8)*(1/$I8)*(12) -> 6.2353284 | FF8: 44539.627 | FG8: 44543.517 | FH8: =(FG8-FF8) -> 3.8902778 | FI8: 276.789 | FJ8: 362.895 | FK8: 0.253 | FL8: =FJ8*($F8)*(1/$D8)*(1/$FI8)*(1/$I8)*(12)*(1/(FH8*24)) -> 0.034235616 | FM8: =FJ8*($F8)*(1/$D8)*(1/$FI8)*(1/$I8)*(12) -> 3.1964654
A9: AT 4 REP 7 H2 | B9: 473.176 | C9: =Vol_soil_calc!L8 -> 14.451071 | D9: 0.082057366 | E9: 275.15 | F9: =(B9-C9)/1000 -> 0.45872493 | G9: 0.205 | H9: 29.508 | I9: =H9/(G9+1) -> 24.487967 | J9: 44447.816 | K9: 44447.86 | L9: =(K9-J9) -> 0.04375 | M9: 275.15 | N9: 181.748 | O9: 0.048 | P9: =N9*($F9)*(1/$D9)*(1/$M9)*(1/$I9)*(12)*(1/(L9*24)) -> 1.7233525 | Q9: =N9*($F9)*(1/$D9)*(1/$M9)*(1/$I9)*(12) -> 1.8095201 | S9: 0.66180556 | T9: =(S9-R9) -> 0.66180556 | U9: 275.15 | V9: 631.311 | W9: 0.662 | X9: =V9*($F9)*(1/$D9)*(1/$U9)*(1/$I9)*(12)*(1/(T9*24)) -> 0.39572681 | Y9: =V9*($F9)*(1/$D9)*(1/$U9)*(1/$I9)*(12) -> 6.2854609 | Z9: 44448.699 | AA9: 44449.574 | AB9: =(AA9-Z9) -> 0.87569444 | AC9: 278.97625 | AD9: 394.696 | AE9: 0.286 | AF9: =AD9*($F9)*(1/$D9)*(1/$AC9)*(1/$I9)*(12)*(1/(AB9*24)) -> 0.18441445 | AG9: =AD9*($F9)*(1/$D9)*(1/$AC9)*(1/$I9)*(12) -> 3.875777 | AH9: 44449.625 | AI9: 44451.698 | AJ9: =(AI10-AH10) -> 2.0694444 | AK9: 275.30392 | AL9: 286.888 | AM9: 0.199 | AN9: =AL9*($F9)*(1/$D9)*(1/$AK9)*(1/$I9)*(12)*(1/(AJ9*24)) -> 0.057477552 | AO9: =AL9*($F9)*(1/$D9)*(1/$AK9)*(1/$I9)*(12) -> 2.8547184 | AP9: 44451.778 | AQ9: 44453.624 | AR9: =(AQ9-AP9) -> 1.8458333 | AS9: 275.34575 | AT9: 151.131 | AU9: 0.16 | AV9: =AT9*($F9)*(1/$D9)*(1/$AS9)*(1/$I9)*(12)*(1/(AR9*24)) -> 0.03394179 | AW9: =AT9*($F9)*(1/$D9)*(1/$AS9)*(1/$I9)*(12) -> 1.5036213 | AX9: 44453.792 | AY9: 44456.575 | AZ9: =(AY9-AX9) -> 2.7826389 | BA9: 275.28258 | BB9: 167.422 | BC9: 0.037 | BD9: =BB9*($F9)*(1/$D9)*(1/$BA9)*(1/$I9)*(12)*(1/(AZ9*24)) -> 0.024947612 | BE9: =BB9*($F9)*(1/$D9)*(1/$BA9)*(1/$I9)*(12) -> 1.6660847 | BF9: 44456.599 | BG9: 44459.636 | BH9: =(BG9-BF9) -> 3.0368056 | BI9: 274.02612 | BJ9: 109.246 | BK9: 0.044 | BL9: =BJ9*($F9)*(1/$D9)*(1/$BI9)*(1/$I9)*(12)*(1/(BH9*24)) -> 0.01498472 | BM9: =BJ9*($F9)*(1/$D9)*(1/$BI9)*(1/$I9)*(12) -> 1.0921364 | BN9: 44459.66 | BO9: 44461.505 | BP9: =(BO9-BN9) -> 1.8451389 | BQ9: 276.14042 | BR9: 115.196 | BS9: 0.023 | BT9: =BR9*($F9)*(1/$D9)*(1/$BQ9)*(1/$I9)*(12)*(1/(BP9*24)) -> 0.025806577 | BU9: =BR9*($F9)*(1/$D9)*(1/$BQ9)*(1/$I9)*(12) -> 1.1428013 | BV9: 44461.515 | BW9: 44466.491 | BX9: =(BW9-BV9) -> 4.9763889 | BY9: 276.28675 | BZ9: 326.367 | CA9: 0.065 | CB9: =BZ9*($F9)*(1/$D9)*(1/$BY9)*(1/$I9)*(12)*(1/(BX9*24)) -> 0.027094673 | CC9: =BZ9*($F9)*(1/$D9)*(1/$BY9)*(1/$I9)*(12) -> 3.2360071 | CD9: 44466.567 | CE9: 44473.522 | CF9: =(CE9-CD9) -> 6.9555556 | CG9: 276.30758 | CH9: 924.799 | CI9: 0.034 | CJ9: =CH9*($F9)*(1/$D9)*(1/$CG9)*(1/$I9)*(12)*(1/(CF9*24)) -> 0.054925595 | CK9: =CH9*($F9)*(1/$D9)*(1/$CG9)*(1/$I9)*(12) -> 9.1689126 | CL9: 44473.559 | CM9: 44477.594 | CN9: =(CM9-CL9) -> 4.0354167 | CO9: 276.45387 | CP9: 1011.088 | CQ9: 0.021 | CR9: =CP9*($F9)*(1/$D9)*(1/$CO9)*(1/$I9)*(12)*(1/(CN9*24)) -> 0.10344987 | CS9: =CP9*($F9)*(1/$D9)*(1/$CO9)*(1/$I9)*(12) -> 10.01912 | CT9: 44477.635 | CU9: 44483.512 | CV9: =(CU9-CT9) -> 5.8777778 | CW9: 277.06033 | CX9: 1745.98 | CY9: 0.027 | CZ9: =CX9*($F9)*(1/$D9)*(1/$CW9)*(1/$I9)*(12)*(1/(CV9*24)) -> 0.12237813 | DA9: =CX9*($F9)*(1/$D9)*(1/$CW9)*(1/$I9)*(12) -> 17.263474 | DB9: 44483.569 | DC9: 44491.568 | DD9: =(DC9-DB9) -> 7.9986111 | DE9: 277.2485 | DF9: 1640.022 | DG9: 0.024 | DH9: =DF9*($F9)*(1/$D9)*(1/$DE9)*(1/$I9)*(12)*(1/(DD9*24)) -> 0.084414671 | DI9: =DF9*($F9)*(1/$D9)*(1/$DE9)*(1/$I9)*(12) -> 16.204803 | DJ9: 44491.59 | DK9: 44498.618 | DL9: =(DK9-DJ9) -> 7.0284722 | DM9: 276.97687 | DN9: 894.195 | DO9: 0.028 | DP9: =DN9*($F9)*(1/$D9)*(1/$DM9)*(1/$I9)*(12)*(1/(DL9*24)) -> 0.052429998 | DQ9: =DN9*($F9)*(1/$D9)*(1/$DM9)*(1/$I9)*(12) -> 8.8440668 | DR9: 44498.637 | DS9: 44505.56 | DT9: =(DS9-DR9) -> 6.9229167 | DU9: 276.60067 | DV9: 592.346 | DW9: 0.028 | DX9: =DV9*($F9)*(1/$D9)*(1/$DU9)*(1/$I9)*(12)*(1/(DT9*24)) -> 0.035308981 | DY9: =DV9*($F9)*(1/$D9)*(1/$DU9)*(1/$I9)*(12) -> 5.8665871 | DZ9: 44505.58 | EA9: 44512.615 | EB9: =(EA9-DZ9) -> 7.0354167 | EC9: 277.08092 | ED9: 401.257 | EE9: 0.026 | EF9: =ED9*($F9)*(1/$D9)*(1/$EC9)*(1/$I9)*(12)*(1/(EB9*24)) -> 0.02349515 | EG9: =ED9*($F9)*(1/$D9)*(1/$EC9)*(1/$I9)*(12) -> 3.9671561 | EH9: 44512.626 | EI9: 44521.668 | EJ9: =(EI9-EH9) -> 9.0423611 | EK9: 276.87229 | EL9: 449.807 | EM9: 0.039 | EN9: =EL9*($F9)*(1/$D9)*(1/$EK9)*(1/$I9)*(12)*(1/(EJ9*24)) -> 0.020507698 | EO9: =EL9*($F9)*(1/$D9)*(1/$EK9)*(1/$I9)*(12) -> 4.4505123 | EP9: 44521.722 | EQ9: 44530.56 | ER9: =(EQ9-EP9) -> 8.8375 | ES9: 276.6425 | ET9: 452.054 | EU9: 0.033 | EV9: =ET9*($F9)*(1/$D9)*(1/$ES9)*(1/$I9)*(12)*(1/(ER9*24)) -> 0.021105422 | EW9: =ET9*($F9)*(1/$D9)*(1/$ES9)*(1/$I9)*(12) -> 4.4764599 | EX9: 44530.612 | EY9: 44539.592 | EZ9: =(EY9-EX9) -> 8.9798611 | FA9: 276.01467 | FB9: 484.834 | FC9: 0.059 | FD9: =FB9*($F9)*(1/$D9)*(1/$FA9)*(1/$I9)*(12)*(1/(EZ9*24)) -> 0.022327666 | FE9: =FB9*($F9)*(1/$D9)*(1/$FA9)*(1/$I9)*(12) -> 4.8119842 | FF9: 44539.627 | FG9: 44543.505 | FH9: =(FG9-FF9) -> 3.8777778 | FI9: 276.789 | FJ9: 217.237 | FK9: 0.023 | FL9: =FJ9*($F9)*(1/$D9)*(1/$FI9)*(1/$I9)*(12)*(1/(FH9*24)) -> 0.02310224 | FM9: =FJ9*($F9)*(1/$D9)*(1/$FI9)*(1/$I9)*(12) -> 2.1500485
A10: AT 4 REP 8 H2 | B10: 473.176 | C10: =Vol_soil_calc!L9 -> 17.197235 | D10: 0.082057366 | E10: 275.15 | F10: =(B10-C10)/1000 -> 0.45597877 | G10: 0.28 | H10: 33.095 | I10: =H10/(G10+1) -> 25.855469 | J10: 44447.816 | K10: 44447.866 | L10: =(K10-J10) -> 0.05 | M10: 275.15 | N10: 248.449 | O10: 0.125 | P10: =N10*($F10)*(1/$D10)*(1/$M10)*(1/$I10)*(12)*(1/(L10*24)) -> 1.9406283 | Q10: =N10*($F10)*(1/$D10)*(1/$M10)*(1/$I10)*(12) -> 2.328754 | S10: 0.66597222 | T10: =(S10-R10) -> 0.66597222 | U10: 275.15 | V10: 956.298 | W10: 0.629 | X10: =V10*($F10)*(1/$D10)*(1/$U10)*(1/$I10)*(12)*(1/(T10*24)) -> 0.56080548 | Y10: =V10*($F10)*(1/$D10)*(1/$U10)*(1/$I10)*(12) -> 8.9635409 | Z10: 44448.699 | AA10: 44449.578 | AB10: =(AA10-Z10) -> 0.87986111 | AC10: 278.97625 | AD10: 429.044 | AE10: 0.158 | AF10: =AD10*($F10)*(1/$D10)*(1/$AC10)*(1/$I10)*(12)*(1/(AB10*24)) -> 0.18783007 | AG10: =AD10*($F10)*(1/$D10)*(1/$AC10)*(1/$I10)*(12) -> 3.9663449 | AH10: 44449.625 | AI10: 44451.694 | AJ10: =(AI10-AH10) -> 2.0694444 | AK10: 275.30392 | AL10: 239.731 | AM10: 0.024 | AN10: =AL10*($F10)*(1/$D10)*(1/$AK10)*(1/$I10)*(12)*(1/(AJ10*24)) -> 0.045217096 | AO10: =AL10*($F10)*(1/$D10)*(1/$AK10)*(1/$I10)*(12) -> 2.2457824 | AP10: 44451.785 | AQ10: 44453.629 | AR10: =(AQ10-AP10) -> 1.84375 | AS10: 275.34575 | AT10: 220.116 | AU10: 0.13 | AV10: =AT10*($F10)*(1/$D10)*(1/$AS10)*(1/$I10)*(12)*(1/(AR10*24)) -> 0.046592481 | AW10: =AT10*($F10)*(1/$D10)*(1/$AS10)*(1/$I10)*(12) -> 2.0617173 | AX10: 44453.792 | AY10: 44456.558 | AZ10: =(AY10-AX10) -> 2.7652778 | BA10: 275.28258 | BB10: 179.315 | BC10: 0.02 | BD10: =BB10*($F10)*(1/$D10)*(1/$BA10)*(1/$I10)*(12)*(1/(AZ10*24)) -> 0.025313008 | BE10: =BB10*($F10)*(1/$D10)*(1/$BA10)*(1/$I10)*(12) -> 1.67994 | BF10: 44456.599 | BG10: 44459.632 | BH10: =(BG10-BF10) -> 3.0326389 | BI10: 274.02612 | BJ10: 78.071 | BK10: 0.018 | BL10: =BJ10*($F10)*(1/$D10)*(1/$BI10)*(1/$I10)*(12)*(1/(BH10*24)) -> 0.010095358 | BM10: =BJ10*($F10)*(1/$D10)*(1/$BI10)*(1/$I10)*(12) -> 0.73477378 | BN10: 44459.66 | BO10: 44461.501 | BP10: =(BO10-BN10) -> 1.8409722 | BQ10: 276.14042 | BR10: 128.02 | BS10: 0.052 | BT10: =BR10*($F10)*(1/$D10)*(1/$BQ10)*(1/$I10)*(12)*(1/(BP10*24)) -> 0.027061087 | BU10: =BR10*($F10)*(1/$D10)*(1/$BQ10)*(1/$I10)*(12) -> 1.195649 | BV10: 44461.515 | BW10: 44466.487 | BX10: =(BW10-BV10) -> 4.9722222 | BY10: 276.28675 | BZ10: 204.137 | CA10: 0.033 | CB10: =BZ10*($F10)*(1/$D10)*(1/$BY10)*(1/$I10)*(12)*(1/(BX10*24)) -> 0.015968193 | CC10: =BZ10*($F10)*(1/$D10)*(1/$BY10)*(1/$I10)*(12) -> 1.9055377 | CD10: 44466.567 | CE10: 44473.528 | CF10: =(CE10-CD10) -> 6.9618056 | CG10: 276.30758 | CH10: 739.646 | CI10: 0.052 | CJ10: =CH10*($F10)*(1/$D10)*(1/$CG10)*(1/$I10)*(12)*(1/(CF10*24)) -> 0.041319385 | CK10: =CH10*($F10)*(1/$D10)*(1/$CG10)*(1/$I10)*(12) -> 6.9037807 | CL10: 44473.559 | CM10: 44477.599 | CN10: =(CM10-CL10) -> 4.0395833 | CO10: 276.45387 | CP10: 917.55 | CQ10: 0.029 | CR10: =CP10*($F10)*(1/$D10)*(1/$CO10)*(1/$I10)*(12)*(1/(CN10*24)) -> 0.088290733 | CS10: =CP10*($F10)*(1/$D10)*(1/$CO10)*(1/$I10)*(12) -> 8.5597865 | CT10: 44477.635 | CU10: 44483.517 | CV10: =(CU10-CT10) -> 5.8819444 | CW10: 277.06033 | CX10: 1863.965 | CY10: 0.046 | CZ10: =CX10*($F10)*(1/$D10)*(1/$CW10)*(1/$I10)*(12)*(1/(CV10*24)) -> 0.12290997 | DA10: =CX10*($F10)*(1/$D10)*(1/$CW10)*(1/$I10)*(12) -> 17.350791 | DB10: 44483.569 | DC10: 44491.544 | DD10: =(DC10-DB10) -> 7.975 | DE10: 277.2485 | DF10: 2152.499 | DG10: 0.033 | DH10: =DF10*($F10)*(1/$D10)*(1/$DE10)*(1/$I10)*(12)*(1/(DD10*24)) -> 0.10461349 | DI10: =DF10*($F10)*(1/$D10)*(1/$DE10)*(1/$I10)*(12) -> 20.023022 | DJ10: 44491.59 | DK10: 44498.614 | DL10: =(DK10-DJ10) -> 7.0243056 | DM10: 276.97687 | DN10: 1150.431 | DO10: 0.026 | DP10: =DN10*($F10)*(1/$D10)*(1/$DM10)*(1/$I10)*(12)*(1/(DL10*24)) -> 0.063541623 | DQ10: =DN10*($F10)*(1/$D10)*(1/$DM10)*(1/$I10)*(12) -> 10.712059 | DR10: 44498.637 | DS10: 44505.565 | DT10: =(DS10-DR10) -> 6.9277778 | DU10: 276.60067 | DV10: 769.016 | DW10: 0.03 | DX10: =DV10*($F10)*(1/$D10)*(1/$DU10)*(1/$I10)*(12)*(1/(DT10*24)) -> 0.04312537 | DY10: =DV10*($F10)*(1/$D10)*(1/$DU10)*(1/$I10)*(12) -> 7.1703116 | DZ10: 44505.58 | EA10: 44512.611 | EB10: =(EA10-DZ10) -> 7.03125 | EC10: 277.08092 | ED10: 553.089 | EE10: 0.027 | EF10: =ED10*($F10)*(1/$D10)*(1/$EC10)*(1/$I10)*(12)*(1/(EB10*24)) -> 0.03050707 | EG10: =ED10*($F10)*(1/$D10)*(1/$EC10)*(1/$I10)*(12) -> 5.1480681 | EH10: 44512.626 | EI10: 44521.627 | EJ10: =(EI10-EH10) -> 9.0013889 | EK10: 276.87229 | EL10: 536.811 | EM10: 0.039 | EN10: =EL10*($F10)*(1/$D10)*(1/$EK10)*(1/$I10)*(12)*(1/(EJ10*24)) -> 0.023146057 | EO10: =EL10*($F10)*(1/$D10)*(1/$EK10)*(1/$I10)*(12) -> 5.0003199 | EP10: 44521.722 | EQ10: 44530.528 | ER10: =(EQ10-EP10) -> 8.8055556 | ES10: 276.6425 | ET10: 483.926 | EU10: 0.038 | EV10: =ET10*($F10)*(1/$D10)*(1/$ES10)*(1/$I10)*(12)*(1/(ER10*24)) -> 0.021347545 | EW10: =ET10*($F10)*(1/$D10)*(1/$ES10)*(1/$I10)*(12) -> 4.5114477 | EX10: 44530.612 | EY10: 44539.57 | EZ10: =(EY10-EX10) -> 8.9583333 | FA10: 276.01467 | FB10: 441.315 | FC10: 0.031 | FD10: =FB10*($F10)*(1/$D10)*(1/$FA10)*(1/$I10)*(12)*(1/(EZ10*24)) -> 0.019179353 | FE10: =FB10*($F10)*(1/$D10)*(1/$FA10)*(1/$I10)*(12) -> 4.1235608 | FF10: 44539.627 | FG10: 44543.496 | FH10: =(FG10-FF10) -> 3.86875 | FI10: 276.789 | FJ10: 272.195 | FK10: 0.043 | FL10: =FJ10*($F10)*(1/$D10)*(1/$FI10)*(1/$I10)*(12)*(1/(FH10*24)) -> 0.027315257 | FM10: =FJ10*($F10)*(1/$D10)*(1/$FI10)*(1/$I10)*(12) -> 2.5362216
A11: FL1C4 REP 5 H2 | B11: 473.176 | C11: =Vol_soil_calc!L10 -> 27.612865 | D11: 0.082057366 | E11: 275.15 | F11: =(B11-C11)/1000 -> 0.44556313 | G11: 3.316 | H11: 30.701 | I11: =H11/(G11+1) -> 7.1132994 | J11: 44447.816 | K11: 44447.872 | L11: =(K11-J11) -> 0.055555556 | M11: 275.15 | N11: 128.599 | O11: 0.947 | P11: =N11*($F11)*(1/$D11)*(1/$M11)*(1/$I11)*(12)*(1/(L11*24)) -> 3.2109325 | Q11: =N11*($F11)*(1/$D11)*(1/$M11)*(1/$I11)*(12) -> 4.2812433 | S11: 0.67013889 | T11: =(S11-R11) -> 0.67013889 | U11: 275.15 | V11: 827.761 | W11: 5.429 | X11: =V11*($F11)*(1/$D11)*(1/$U11)*(1/$I11)*(12)*(1/(T11*24)) -> 1.7134097 | Y11: =V11*($F11)*(1/$D11)*(1/$U11)*(1/$I11)*(12) -> 27.557339 | Z11: 44448.699 | AA11: 44449.585 | AB11: =(AA11-Z11) -> 0.88611111 | AC11: 278.97625 | AD11: 946.641 | AE11: 3.733 | AF11: =AD11*($F11)*(1/$D11)*(1/$AC11)*(1/$I11)*(12)*(1/(AB11*24)) -> 1.4615729 | AG11: =AD11*($F11)*(1/$D11)*(1/$AC11)*(1/$I11)*(12) -> 31.082784 | AH11: 44449.625 | AI11: 44451.724 | AJ11: =(AI11-AH11) -> 2.0993056 | AK11: 275.30392 | AL11: 950.092 | AM11: 0.942 | AN11: =AL11*($F11)*(1/$D11)*(1/$AK11)*(1/$I11)*(12)*(1/(AJ11*24)) -> 0.62743424 | AO11: =AL11*($F11)*(1/$D11)*(1/$AK11)*(1/$I11)*(12) -> 31.612228 | AP11: 44451.785 | AQ11: 44453.637 | AR11: =(AQ11-AP11) -> 1.8520833 | AS11: 275.34575 | AT11: 885.26 | AU11: 0.01 | AV11: =AT11*($F11)*(1/$D11)*(1/$AS11)*(1/$I11)*(12)*(1/(AR11*24)) -> 0.66255592 | AW11: =AT11*($F11)*(1/$D11)*(1/$AS11)*(1/$I11)*(12) -> 29.450611 | AX11: 44453.792 | AY11: 44456.584 | AZ11: =(AY11-AX11) -> 2.7916667 | BA11: 275.28258 | BB11: 2610.592 | BC11: 0.802 | BD11: =BB11*($F11)*(1/$D11)*(1/$BA11)*(1/$I11)*(12)*(1/(AZ11*24)) -> 1.2965441 | BE11: =BB11*($F11)*(1/$D11)*(1/$BA11)*(1/$I11)*(12) -> 86.868457 | BF11: 44456.599 | BG11: 44459.599 | BH11: =(BG11-BF11) -> 3 | BI11: 274.02612 | BJ11: 1468.404 | BK11: 0.473 | BL11: =BJ11*($F11)*(1/$D11)*(1/$BI11)*(1/$I11)*(12)*(1/(BH11*24)) -> 0.68174652 | BM11: =BJ11*($F11)*(1/$D11)*(1/$BI11)*(1/$I11)*(12) -> 49.08575 | BN11: 44459.66 | BO11: 44461.461 | BP11: =(BO11-BN11) -> 1.8013889 | BQ11: 276.14042 | BR11: 1347.635 | BS11: 0.255 | BT11: =BR11*($F11)*(1/$D11)*(1/$BQ11)*(1/$I11)*(12)*(1/(BP11*24)) -> 1.0340116 | BU11: =BR11*($F11)*(1/$D11)*(1/$BQ11)*(1/$I11)*(12) -> 44.703769 | BV11: 44461.515 | BW11: 44466.519 | BX11: =(BW11-BV11) -> 5.0041667 | BY11: 276.28675 | BZ11: 9099.791 | CA11: 0.894 | CB11: =BZ11*($F11)*(1/$D11)*(1/$BY11)*(1/$I11)*(12)*(1/(BX11*24)) -> 2.5120611 | CC11: =BZ11*($F11)*(1/$D11)*(1/$BY11)*(1/$I11)*(12) -> 301.69853 | CD11: 44466.567 | CE11: 44473.534 | CF11: =(CE11-CD11) -> 6.9673611 | CG11: 276.30758 | CH11: 5505.804 | CI11: 0.417 | CJ11: =CH11*($F11)*(1/$D11)*(1/$CG11)*(1/$I11)*(12)*(1/(CF11*24)) -> 1.0915666 | CK11: =CH11*($F11)*(1/$D11)*(1/$CG11)*(1/$I11)*(12) -> 182.52812 | CL11: 44473.559 | CM11: 44477.613 | CN11: =(CM11-CL11) -> 4.0541667 | CO11: 276.45387 | CP11: 1807.189 | CQ11: 0.232 | CR11: =CP11*($F11)*(1/$D11)*(1/$CO11)*(1/$I11)*(12)*(1/(CN11*24)) -> 0.61541757 | CS11: =CP11*($F11)*(1/$D11)*(1/$CO11)*(1/$I11)*(12) -> 59.88013 | CT11: 44477.635 | CU11: 44483.553 | CV11: =(CU11-CT11) -> 5.9180556 | CW11: 277.06033 | CX11: 1668.509 | CY11: 0.071 | CZ11: =CX11*($F11)*(1/$D11)*(1/$CW11)*(1/$I11)*(12)*(1/(CV11*24)) -> 0.38838796 | DA11: =CX11*($F11)*(1/$D11)*(1/$CW11)*(1/$I11)*(12) -> 55.164037 | DB11: 44483.569 | DC11: 44491.58 | DD11: =(DC11-DB11) -> 8.0104167 | DE11: 277.2485 | DF11: 2148.078 | DG11: 0.084 | DH11: =DF11*($F11)*(1/$D11)*(1/$DE11)*(1/$I11)*(12)*(1/(DD11*24)) -> 0.36916144 | DI11: =DF11*($F11)*(1/$D11)*(1/$DE11)*(1/$I11)*(12) -> 70.971287 | DJ11: 44491.59 | DK11: 44498.582 | DL11: =(DK11-DJ11) -> 6.9923611 | DM11: 276.97687 | DN11: 1826.843 | DO11: 0.066 | DP11: =DN11*($F11)*(1/$D11)*(1/$DM11)*(1/$I11)*(12)*(1/(DL11*24)) -> 0.36001821 | DQ11: =DN11*($F11)*(1/$D11)*(1/$DM11)*(1/$I11)*(12) -> 60.417055 | DR11: 44498.637 | DS11: 44505.523 | DT11: =(DS11-DR11) -> 6.8854167 | DU11: 276.60067 | DV11: 2365.81 | DW11: 0.114 | DX11: =DV11*($F11)*(1/$D11)*(1/$DU11)*(1/$I11)*(12)*(1/(DT11*24)) -> 0.47411862 | DY11: =DV11*($F11)*(1/$D11)*(1/$DU11)*(1/$I11)*(12) -> 78.348102 | DZ11: 44505.58 | EA11: 44512.572 | EB11: =(EA11-DZ11) -> 6.9916667 | EC11: 277.08092 | ED11: 2409.877 | EE11: 0.063 | EF11: =ED11*($F11)*(1/$D11)*(1/$EC11)*(1/$I11)*(12)*(1/(EB11*24)) -> 0.47478626 | EG11: =ED11*($F11)*(1/$D11)*(1/$EC11)*(1/$I11)*(12) -> 79.669135 | EH11: 44512.626 | EI11: 44521.637 | EJ11: =(EI11-EH11) -> 9.0111111 | EK11: 276.87229 | EL11: 2521.062 | EM11: 0.091 | EN11: =EL11*($F11)*(1/$D11)*(1/$EK11)*(1/$I11)*(12)*(1/(EJ11*24)) -> 0.38567038 | EO11: =EL11*($F11)*(1/$D11)*(1/$EK11)*(1/$I11)*(12) -> 83.407647 | EP11: 44521.722 | EQ11: 44530.552 | ER11: =(EQ11-EP11) -> 8.8298611 | ES11: 276.6425 | ET11: 2119.414 | EU11: 0.093 | EV11: =ET11*($F11)*(1/$D11)*(1/$ES11)*(1/$I11)*(12)*(1/(ER11*24)) -> 0.33115676 | EW11: =ET11*($F11)*(1/$D11)*(1/$ES11)*(1/$I11)*(12) -> 70.177636 | EX11: 44530.612 | EY11: 44539.585 | EZ11: =(EY11-EX11) -> 8.9736111 | FA11: 276.01467 | FB11: 1897.231 | FC11: 0.062 | FD11: =FB11*($F11)*(1/$D11)*(1/$FA11)*(1/$I11)*(12)*(1/(EZ11*24)) -> 0.29235559 | FE11: =FB11*($F11)*(1/$D11)*(1/$FA11)*(1/$I11)*(12) -> 62.963649 | FF11: 44539.627 | FG11: 44543.522 | FH11: =(FG11-FF11) -> 3.8944444 | FI11: 276.789 | FJ11: 986.849 | FK11: 0.033 | FL11: =FJ11*($F11)*(1/$D11)*(1/$FI11)*(1/$I11)*(12)*(1/(FH11*24)) -> 0.34941936 | FM11: =FJ11*($F11)*(1/$D11)*(1/$FI11)*(1/$I11)*(12) -> 32.659063
A12: FL1C4 REP 6 H2 | B12: 473.176 | C12: =Vol_soil_calc!L11 -> 26.721798 | D12: 0.082057366 | E12: 275.15 | F12: =(B12-C12)/1000 -> 0.4464542 | G12: 3.634 | H12: 29.484 | I12: =H12/(G12+1) -> 6.3625378 | J12: 44447.816 | K12: 44447.877 | L12: =(K12-J12) -> 0.061111111 | M12: 275.15 | N12: 128.871 | O12: 0.862 | P12: =N12*($F12)*(1/$D12)*(1/$M12)*(1/$I12)*(12)*(1/(L12*24)) -> 3.2769097 | Q12: =N12*($F12)*(1/$D12)*(1/$M12)*(1/$I12)*(12) -> 4.8061342 | S12: 0.67430556 | T12: =(S12-R12) -> 0.67430556 | U12: 275.15 | V12: 753.706 | W12: 5.265 | X12: =V12*($F12)*(1/$D12)*(1/$U12)*(1/$I12)*(12)*(1/(T12*24)) -> 1.7368995 | Y12: =V12*($F12)*(1/$D12)*(1/$U12)*(1/$I12)*(12) -> 28.108824 | Z12: 44448.699 | AA12: 44449.592 | AB12: =(AA12-Z12) -> 0.89375 | AC12: 278.97625 | AD12: 815.593 | AE12: 2.08 | AF12: =AD12*($F12)*(1/$D12)*(1/$AC12)*(1/$I12)*(12)*(1/(AB12*24)) -> 1.398586 | AG12: =AD12*($F12)*(1/$D12)*(1/$AC12)*(1/$I12)*(12) -> 29.99967 | AH12: 44449.625 | AI12: 44451.719 | AJ12: =(AI12-AH12) -> 2.0944444 | AK12: 275.30392 | AL12: 851.629 | AM12: 0.213 | AN12: =AL12*($F12)*(1/$D12)*(1/$AK12)*(1/$I12)*(12)*(1/(AJ12*24)) -> 0.63149248 | AO12: =AL12*($F12)*(1/$D12)*(1/$AK12)*(1/$I12)*(12) -> 31.743022 | AP12: 44451.778 | AQ12: 44453.641 | AR12: =(AQ12-AP12) -> 1.8631944 | AS12: 275.34575 | AT12: 1009.492 | AU12: 0.01 | AV12: =AT12*($F12)*(1/$D12)*(1/$AS12)*(1/$I12)*(12)*(1/(AR12*24)) -> 0.84132791 | AW12: =AT12*($F12)*(1/$D12)*(1/$AS12)*(1/$I12)*(12) -> 37.62138 | AX12: 44453.792 | AY12: 44456.539 | AZ12: =(AY12-AX12) -> 2.7465278 | BA12: 275.28258 | BB12: 1186.856 | BC12: 0.052 | BD12: =BB12*($F12)*(1/$D12)*(1/$BA12)*(1/$I12)*(12)*(1/(AZ12*24)) -> 0.67117268 | BE12: =BB12*($F12)*(1/$D12)*(1/$BA12)*(1/$I12)*(12) -> 44.241466 | BF12: 44456.599 | BG12: 44459.603 | BH12: =(BG12-BF12) -> 3.0034722 | BI12: 274.02612 | BJ12: 338.317 | BK12: 0.113 | BL12: =BJ12*($F12)*(1/$D12)*(1/$BI12)*(1/$I12)*(12)*(1/(BH12*24)) -> 0.1757548 | BM12: =BJ12*($F12)*(1/$D12)*(1/$BI12)*(1/$I12)*(12) -> 12.668992 | BN12: 44459.66 | BO12: 44461.465 | BP12: =(BO12-BN12) -> 1.8055556 | BQ12: 276.14042 | BR12: 502.13 | BS12: 0.261 | BT12: =BR12*($F12)*(1/$D12)*(1/$BQ12)*(1/$I12)*(12)*(1/(BP12*24)) -> 0.43060028 | BU12: =BR12*($F12)*(1/$D12)*(1/$BQ12)*(1/$I12)*(12) -> 18.659346 | BV12: 44461.515 | BW12: 44466.514 | BX12: =(BW12-BV12) -> 4.9993056 | BY12: 276.28675 | BZ12: 950.776 | CA12: 0.06 | CB12: =BZ12*($F12)*(1/$D12)*(1/$BY12)*(1/$I12)*(12)*(1/(BX12*24)) -> 0.29431164 | CC12: =BZ12*($F12)*(1/$D12)*(1/$BY12)*(1/$I12)*(12) -> 35.312492 | CD12: 44466.567 | CE12: 44473.54 | CF12: =(CE12-CD12) -> 6.9736111 | CG12: 276.30758 | CH12: 1310.162 | CI12: 0.35 | CJ12: =CH12*($F12)*(1/$D12)*(1/$CG12)*(1/$I12)*(12)*(1/(CF12*24)) -> 0.29071902 | CK12: =CH12*($F12)*(1/$D12)*(1/$CG12)*(1/$I12)*(12) -> 48.656673 | CL12: 44473.559 | CM12: 44477.62 | CN12: =(CM12-CL12) -> 4.0611111 | CO12: 276.45387 | CP12: 833.855 | CQ12: 0.1 | CR12: =CP12*($F12)*(1/$D12)*(1/$CO12)*(1/$I12)*(12)*(1/(CN12*24)) -> 0.3175572 | CS12: =CP12*($F12)*(1/$D12)*(1/$CO12)*(1/$I12)*(12) -> 30.951241 | CT12: 44477.635 | CU12: 44483.557 | CV12: =(CU12-CT12) -> 5.9222222 | CW12: 277.06033 | CX12: 1075.784 | CY12: 0.12 | CZ12: =CX12*($F12)*(1/$D12)*(1/$CW12)*(1/$I12)*(12)*(1/(CV12*24)) -> 0.28032705 | DA12: =CX12*($F12)*(1/$D12)*(1/$CW12)*(1/$I12)*(12) -> 39.843818 | DB12: 44483.569 | DC12: 44491.529 | DD12: =(DC12-DB12) -> 7.9597222 | DE12: 277.2485 | DF12: 1411.797 | DG12: 0.139 | DH12: =DF12*($F12)*(1/$D12)*(1/$DE12)*(1/$I12)*(12)*(1/(DD12*24)) -> 0.27352946 | DI12: =DF12*($F12)*(1/$D12)*(1/$DE12)*(1/$I12)*(12) -> 52.253245 | DJ12: 44491.59 | DK12: 44498.585 | DL12: =(DK12-DJ12) -> 6.9958333 | DM12: 276.97687 | DN12: 1908.414 | DO12: 0.078 | DP12: =DN12*($F12)*(1/$D12)*(1/$DM12)*(1/$I12)*(12)*(1/(DL12*24)) -> 0.42110326 | DQ12: =DN12*($F12)*(1/$D12)*(1/$DM12)*(1/$I12)*(12) -> 70.703237 | DR12: 44498.637 | DS12: 44505.528 | DT12: =(DS12-DR12) -> 6.8909722 | DU12: 276.60067 | DV12: 2294.895 | DW12: 0.08 | DX12: =DV12*($F12)*(1/$D12)*(1/$DU12)*(1/$I12)*(12)*(1/(DT12*24)) -> 0.51478759 | DY12: =DV12*($F12)*(1/$D12)*(1/$DU12)*(1/$I12)*(12) -> 85.137288 | DZ12: 44505.58 | EA12: 44512.578 | EB12: =(EA12-DZ12) -> 6.9979167 | EC12: 277.08092 | ED12: 2125.698 | EE12: 0.098 | EF12: =ED12*($F12)*(1/$D12)*(1/$EC12)*(1/$I12)*(12)*(1/(EB12*24)) -> 0.4687326 | EG12: =ED12*($F12)*(1/$D12)*(1/$EC12)*(1/$I12)*(12) -> 78.723639 | EH12: 44512.626 | EI12: 44521.629 | EJ12: =(EI12-EH12) -> 9.0034722 | EK12: 276.87229 | EL12: 1847.332 | EM12: 1.502 | EN12: =EL12*($F12)*(1/$D12)*(1/$EK12)*(1/$I12)*(12)*(1/(EJ12*24)) -> 0.3168505 | EO12: =EL12*($F12)*(1/$D12)*(1/$EK12)*(1/$I12)*(12) -> 68.466113 | EP12: 44521.722 | EQ12: 44530.569 | ER12: =(EQ12-EP12) -> 8.8465278 | ES12: 276.6425 | ET12: 1788.001 | EU12: 0.119 | EV12: =ET12*($F12)*(1/$D12)*(1/$ES12)*(1/$I12)*(12)*(1/(ER12*24)) -> 0.31237408 | EW12: =ET12*($F12)*(1/$D12)*(1/$ES12)*(1/$I12)*(12) -> 66.322223 | EX12: 44530.612 | EY12: 44539.61 | EZ12: =(EY12-EX12) -> 8.9986111 | FA12: 276.01467 | FB12: 1669.79 | FC12: 0.073 | FD12: =FB12*($F12)*(1/$D12)*(1/$FA12)*(1/$I12)*(12)*(1/(EZ12*24)) -> 0.28744396 | FE12: =FB12*($F12)*(1/$D12)*(1/$FA12)*(1/$I12)*(12) -> 62.078314 | FF12: 44539.627 | FG12: 44543.528 | FH12: =(FG12-FF12) -> 3.9006944 | FI12: 276.789 | FJ12: 953.268 | FK12: 0.036 | FL12: =FJ12*($F12)*(1/$D12)*(1/$FI12)*(1/$I12)*(12)*(1/(FH12*24)) -> 0.37750545 | FM12: =FJ12*($F12)*(1/$D12)*(1/$FI12)*(1/$I12)*(12) -> 35.340802
A13: FL1C4 REP 7 H2 | B13: 473.176 | C13: =Vol_soil_calc!L12 -> 28.846112 | D13: 0.082057366 | E13: 275.15 | F13: =(B13-C13)/1000 -> 0.44432989 | G13: 3.315 | H13: 32.073 | I13: =H13/(G13+1) -> 7.4329085 | J13: 44447.816 | K13: 44447.884 | L13: =(K13-J13) -> 0.068055556 | M13: 275.15 | N13: 304.011 | O13: 1.559 | P13: =N13*($F13)*(1/$D13)*(1/$M13)*(1/$I13)*(12)*(1/(L13*24)) -> 5.9136467 | Q13: =N13*($F13)*(1/$D13)*(1/$M13)*(1/$I13)*(12) -> 9.6589562 | S13: 0.67986111 | T13: =(S13-R13) -> 0.67986111 | U13: 275.15 | V13: 794.44 | W13: 3.824 | X13: =V13*($F13)*(1/$D13)*(1/$U13)*(1/$I13)*(12)*(1/(T13*24)) -> 1.5469296 | Y13: =V13*($F13)*(1/$D13)*(1/$U13)*(1/$I13)*(12) -> 25.240735 | Z13: 44448.699 | AA13: 44449.597 | AB13: =(AA13-Z13) -> 0.89861111 | AC13: 278.97625 | AD13: 746.666 | AE13: 2.028 | AF13: =AD13*($F13)*(1/$D13)*(1/$AC13)*(1/$I13)*(12)*(1/(AB13*24)) -> 1.0848921 | AG13: =AD13*($F13)*(1/$D13)*(1/$AC13)*(1/$I13)*(12) -> 23.397506 | AH13: 44449.633 | AI13: 44451.715 | AJ13: =(AI13-AH13) -> 2.08125 | AK13: 275.30392 | AL13: 1091.681 | AM13: 0.372 | AN13: =AL13*($F13)*(1/$D13)*(1/$AK13)*(1/$I13)*(12)*(1/(AJ13*24)) -> 0.69399811 | AO13: =AL13*($F13)*(1/$D13)*(1/$AK13)*(1/$I13)*(12) -> 34.665205 | AP13: 44451.785 | AQ13: 44453.646 | AR13: =(AQ13-AP13) -> 1.8604167 | AS13: 275.34575 | AT13: 1053.277 | AU13: 0.01 | AV13: =AT13*($F13)*(1/$D13)*(1/$AS13)*(1/$I13)*(12)*(1/(AR13*24)) -> 0.74895061 | AW13: =AT13*($F13)*(1/$D13)*(1/$AS13)*(1/$I13)*(12) -> 33.440645 | AX13: 44453.792 | AY13: 44456.546 | AZ13: =(AY13-AX13) -> 2.7534722 | BA13: 275.28258 | BB13: 1170.776 | BC13: 0.077 | BD13: =BB13*($F13)*(1/$D13)*(1/$BA13)*(1/$I13)*(12)*(1/(AZ13*24)) -> 0.56261791 | BE13: =BB13*($F13)*(1/$D13)*(1/$BA13)*(1/$I13)*(12) -> 37.179667 | BF13: 44456.599 | BG13: 44459.606 | BH13: =(BG13-BF13) -> 3.0069444 | BI13: 274.02612 | BJ13: 539.145 | BK13: 0.101 | BL13: =BJ13*($F13)*(1/$D13)*(1/$BI13)*(1/$I13)*(12)*(1/(BH13*24)) -> 0.23833476 | BM13: =BJ13*($F13)*(1/$D13)*(1/$BI13)*(1/$I13)*(12) -> 17.199825 | BN13: 44459.66 | BO13: 44461.489 | BP13: =(BO13-BN13) -> 1.8291667 | BQ13: 276.14042 | BR13: 454.185 | BS13: 0.03 | BT13: =BR13*($F13)*(1/$D13)*(1/$BQ13)*(1/$I13)*(12)*(1/(BP13*24)) -> 0.32752821 | BU13: =BR13*($F13)*(1/$D13)*(1/$BQ13)*(1/$I13)*(12) -> 14.378488 | BV13: 44461.515 | BW13: 44466.51 | BX13: =(BW13-BV13) -> 4.9951389 | BY13: 276.28675 | BZ13: 929.949 | CA13: 0.053 | CB13: =BZ13*($F13)*(1/$D13)*(1/$BY13)*(1/$I13)*(12)*(1/(BX13*24)) -> 0.24544302 | CC13: =BZ13*($F13)*(1/$D13)*(1/$BY13)*(1/$I13)*(12) -> 29.424527 | CD13: 44466.567 | CE13: 44473.544 | CF13: =(CE13-CD13) -> 6.9770833 | CG13: 276.30758 | CH13: 1323.876 | CI13: 0.067 | CJ13: =CH13*($F13)*(1/$D13)*(1/$CG13)*(1/$I13)*(12)*(1/(CF13*24)) -> 0.25013806 | CK13: =CH13*($F13)*(1/$D13)*(1/$CG13)*(1/$I13)*(12) -> 41.885617 | CL13: 44473.559 | CM13: 44477.625 | CN13: =(CM13-CL13) -> 4.0659722 | CO13: 276.45387 | CP13: 915.796 | CQ13: 0.045 | CR13: =CP13*($F13)*(1/$D13)*(1/$CO13)*(1/$I13)*(12)*(1/(CN13*24)) -> 0.29676373 | CS13: =CP13*($F13)*(1/$D13)*(1/$CO13)*(1/$I13)*(12) -> 28.959194 | CT13: 44477.635 | CU13: 44483.493 | CV13: =(CU13-CT13) -> 5.8583333 | CW13: 277.06033 | CX13: 1103.648 | CY13: 0.06 | CZ13: =CX13*($F13)*(1/$D13)*(1/$CW13)*(1/$I13)*(12)*(1/(CV13*24)) -> 0.24767452 | DA13: =CX13*($F13)*(1/$D13)*(1/$CW13)*(1/$I13)*(12) -> 34.823037 | DB13: 44483.569 | DC13: 44491.533 | DD13: =(DC13-DB13) -> 7.9638889 | DE13: 277.2485 | DF13: 1693.486 | DG13: 0.116 | DH13: =DF13*($F13)*(1/$D13)*(1/$DE13)*(1/$I13)*(12)*(1/(DD13*24)) -> 0.27937426 | DI13: =DF13*($F13)*(1/$D13)*(1/$DE13)*(1/$I13)*(12) -> 53.397733 | DJ13: 44491.59 | DK13: 44498.59 | DL13: =(DK13-DJ13) -> 7 | DM13: 276.97687 | DN13: 1479.685 | DO13: 0.068 | DP13: =DN13*($F13)*(1/$D13)*(1/$DM13)*(1/$I13)*(12)*(1/(DL13*24)) -> 0.27798854 | DQ13: =DN13*($F13)*(1/$D13)*(1/$DM13)*(1/$I13)*(12) -> 46.702075 | DR13: 44498.637 | DS13: 44505.533 | DT13: =(DS13-DR13) -> 6.8951389 | DU13: 276.60067 | DV13: 1860.436 | DW13: 0.099 | DX13: =DV13*($F13)*(1/$D13)*(1/$DU13)*(1/$I13)*(12)*(1/(DT13*24)) -> 0.35531838 | DY13: =DV13*($F13)*(1/$D13)*(1/$DU13)*(1/$I13)*(12) -> 58.799269 | DZ13: 44505.58 | EA13: 44512.594 | EB13: =(EA13-DZ13) -> 7.0145833 | EC13: 277.08092 | ED13: 1722.338 | EE13: 0.066 | EF13: =ED13*($F13)*(1/$D13)*(1/$EC13)*(1/$I13)*(12)*(1/(EB13*24)) -> 0.32278182 | EG13: =ED13*($F13)*(1/$D13)*(1/$EC13)*(1/$I13)*(12) -> 54.340319 | EH13: 44512.626 | EI13: 44521.641 | EJ13: =(EI13-EH13) -> 9.0152778 | EK13: 276.87229 | EL13: 2361.724 | EM13: 0.092 | EN13: =EL13*($F13)*(1/$D13)*(1/$EK13)*(1/$I13)*(12)*(1/(EJ13*24)) -> 0.3446432 | EO13: =EL13*($F13)*(1/$D13)*(1/$EK13)*(1/$I13)*(12) -> 74.5693 | EP13: 44521.722 | EQ13: 44530.533 | ER13: =(EQ13-EP13) -> 8.8111111 | ES13: 276.6425 | ET13: 1968.65 | EU13: 0.079 | EV13: =ET13*($F13)*(1/$D13)*(1/$ES13)*(1/$I13)*(12)*(1/(ER13*24)) -> 0.29418336 | EW13: =ET13*($F13)*(1/$D13)*(1/$ES13)*(1/$I13)*(12) -> 62.209975 | EX13: 44530.612 | EY13: 44539.574 | EZ13: =(EY13-EX13) -> 8.9618056 | FA13: 276.01467 | FB13: 2140.178 | FC13: 0.106 | FD13: =FB13*($F13)*(1/$D13)*(1/$FA13)*(1/$I13)*(12)*(1/(EZ13*24)) -> 0.31515296 | FE13: =FB13*($F13)*(1/$D13)*(1/$FA13)*(1/$I13)*(12) -> 67.78415 | FF13: 44539.627 | FG13: 44543.501 | FH13: =(FG13-FF13) -> 3.8736111 | FI13: 276.789 | FJ13: 996.279 | FK13: 0.039 | FL13: =FJ13*($F13)*(1/$D13)*(1/$FI13)*(1/$I13)*(12)*(1/(FH13*24)) -> 0.3384662 | FM13: =FJ13*($F13)*(1/$D13)*(1/$FI13)*(1/$I13)*(12) -> 31.466074
A14: FL1C4 REP 8 H2 | B14: 473.176 | C14: =Vol_soil_calc!L13 -> 32.221325 | D14: 0.082057366 | E14: 275.15 | F14: =(B14-C14)/1000 -> 0.44095468 | G14: 4.024 | H14: 35.269 | I14: =H14/(G14+1) -> 7.0201035 | J14: 44447.816 | K14: 44447.896 | L14: =(K14-J14) -> 0.079861111 | M14: 275.15 | N14: 144.105 | O14: 0.513 | P14: =N14*($F14)*(1/$D14)*(1/$M14)*(1/$I14)*(12)*(1/(L14*24)) -> 2.5100192 | Q14: =N14*($F14)*(1/$D14)*(1/$M14)*(1/$I14)*(12) -> 4.8108702 | S14: 0.68472222 | T14: =(S14-R14) -> 0.68472222 | U14: 275.15 | V14: 771.143 | W14: 1.739 | X14: =V14*($F14)*(1/$D14)*(1/$U14)*(1/$I14)*(12)*(1/(T14*24)) -> 1.5665846 | Y14: =V14*($F14)*(1/$D14)*(1/$U14)*(1/$I14)*(12) -> 25.744207 | Z14: 44448.699 | AA14: 44449.601 | AB14: =(AA14-Z14) -> 0.90277778 | AC14: 278.97625 | AD14: 843.811 | AE14: 0.445 | AF14: =AD14*($F14)*(1/$D14)*(1/$AC14)*(1/$I14)*(12)*(1/(AB14*24)) -> 1.2823305 | AG14: =AD14*($F14)*(1/$D14)*(1/$AC14)*(1/$I14)*(12) -> 27.783827 | AH14: 44449.633 | AI14: 44451.71 | AJ14: =(AI14-AH14) -> 2.0770833 | AK14: 275.30392 | AL14: 833.841 | AM14: 0.056 | AN14: =AL14*($F14)*(1/$D14)*(1/$AK14)*(1/$I14)*(12)*(1/(AJ14*24)) -> 0.55811 | AO14: =AL14*($F14)*(1/$D14)*(1/$AK14)*(1/$I14)*(12) -> 27.821783 | AP14: 44451.778 | AQ14: 44453.651 | AR14: =(AQ14-AP14) -> 1.8729167 | AS14: 275.34575 | AT14: 1154.008 | AU14: 0.29 | AV14: =AT14*($F14)*(1/$D14)*(1/$AS14)*(1/$I14)*(12)*(1/(AR14*24)) -> 0.85647532 | AW14: =AT14*($F14)*(1/$D14)*(1/$AS14)*(1/$I14)*(12) -> 38.498566 | AX14: 44453.792 | AY14: 44456.55 | AZ14: =(AY14-AX14) -> 2.7576389 | BA14: 275.28258 | BB14: 1597.892 | BC14: 0.045 | BD14: =BB14*($F14)*(1/$D14)*(1/$BA14)*(1/$I14)*(12)*(1/(AZ14*24)) -> 0.80562727 | BE14: =BB14*($F14)*(1/$D14)*(1/$BA14)*(1/$I14)*(12) -> 53.319098 | BF14: 44456.599 | BG14: 44459.61 | BH14: =(BG14-BF14) -> 3.0104167 | BI14: 274.02612 | BJ14: 495.963 | BK14: 0.03 | BL14: =BJ14*($F14)*(1/$D14)*(1/$BI14)*(1/$I14)*(12)*(1/(BH14*24)) -> 0.23010898 | BM14: =BJ14*($F14)*(1/$D14)*(1/$BI14)*(1/$I14)*(12) -> 16.625374 | BN14: 44459.66 | BO14: 44461.484 | BP14: =(BO14-BN14) -> 1.8243056 | BQ14: 276.14042 | BR14: 515.851 | BS14: 0.034 | BT14: =BR14*($F14)*(1/$D14)*(1/$BQ14)*(1/$I14)*(12)*(1/(BP14*24)) -> 0.39192195 | BU14: =BR14*($F14)*(1/$D14)*(1/$BQ14)*(1/$I14)*(12) -> 17.159649 | BV14: 44461.515 | BW14: 44466.506 | BX14: =(BW14-BV14) -> 4.9909722 | BY14: 276.28675 | BZ14: 1107.795 | CA14: 0.058 | CB14: =BZ14*($F14)*(1/$D14)*(1/$BY14)*(1/$I14)*(12)*(1/(BX14*24)) -> 0.30748013 | CC14: =BZ14*($F14)*(1/$D14)*(1/$BY14)*(1/$I14)*(12) -> 36.830995 | CD14: 44466.567 | CE14: 44473.549 | CF14: =(CE14-CD14) -> 6.9819444 | CG14: 276.30758 | CH14: 1534.01 | CI14: 0.083 | CJ14: =CH14*($F14)*(1/$D14)*(1/$CG14)*(1/$I14)*(12)*(1/(CF14*24)) -> 0.30434198 | CK14: =CH14*($F14)*(1/$D14)*(1/$CG14)*(1/$I14)*(12) -> 50.997572 | CL14: 44473.559 | CM14: 44477.571 | CN14: =(CM14-CL14) -> 4.0118056 | CO14: 276.45387 | CP14: 1073.797 | CQ14: 0.059 | CR14: =CP14*($F14)*(1/$D14)*(1/$CO14)*(1/$I14)*(12)*(1/(CN14*24)) -> 0.37056338 | CS14: =CP14*($F14)*(1/$D14)*(1/$CO14)*(1/$I14)*(12) -> 35.679077 | CT14: 44477.635 | CU14: 44483.499 | CV14: =(CU14-CT14) -> 5.8645833 | CW14: 277.06033 | CX14: 1514.939 | CY14: 0.125 | CZ14: =CX14*($F14)*(1/$D14)*(1/$CW14)*(1/$I14)*(12)*(1/(CV14*24)) -> 0.35685066 | DA14: =CX14*($F14)*(1/$D14)*(1/$CW14)*(1/$I14)*(12) -> 50.22673 | DB14: 44483.569 | DC14: 44491.537 | DD14: =(DC14-DB14) -> 7.9673611 | DE14: 277.2485 | DF14: 1692.786 | DG14: 0.101 | DH14: =DF14*($F14)*(1/$D14)*(1/$DE14)*(1/$I14)*(12)*(1/(DD14*24)) -> 0.29330618 | DI14: =DF14*($F14)*(1/$D14)*(1/$DE14)*(1/$I14)*(12) -> 56.085031 | DJ14: 44491.59 | DK14: 44498.593 | DL14: =(DK14-DJ14) -> 7.0034722 | DM14: 276.97687 | DN14: 2051.442 | DO14: 0.146 | DP14: =DN14*($F14)*(1/$D14)*(1/$DM14)*(1/$I14)*(12)*(1/(DL14*24)) -> 0.40476708 | DQ14: =DN14*($F14)*(1/$D14)*(1/$DM14)*(1/$I14)*(12) -> 68.034601 | DR14: 44498.637 | DS14: 44505.549 | DT14: =(DS14-DR14) -> 6.9111111 | DU14: 276.60067 | DV14: 1851.261 | DW14: 0.082 | DX14: =DV14*($F14)*(1/$D14)*(1/$DU14)*(1/$I14)*(12)*(1/(DT14*24)) -> 0.37065462 | DY14: =DV14*($F14)*(1/$D14)*(1/$DU14)*(1/$I14)*(12) -> 61.479247 | DZ14: 44505.58 | EA14: 44512.59 | EB14: =(EA14-DZ14) -> 7.0104167 | EC14: 277.08092 | ED14: 1861.895 | EE14: 0.067 | EF14: =ED14*($F14)*(1/$D14)*(1/$EC14)*(1/$I14)*(12)*(1/(EB14*24)) -> 0.36686612 | EG14: =ED14*($F14)*(1/$D14)*(1/$EC14)*(1/$I14)*(12) -> 61.725225 | EH14: 44512.626 | EI14: 44521.657 | EJ14: =(EI14-EH14) -> 9.03125 | EK14: 276.87229 | EL14: 2284.952 | EM14: 0.083 | EN14: =EL14*($F14)*(1/$D14)*(1/$EK14)*(1/$I14)*(12)*(1/(EJ14*24)) -> 0.34974587 | EO14: =EL14*($F14)*(1/$D14)*(1/$EK14)*(1/$I14)*(12) -> 75.807416 | EP14: 44521.722 | EQ14: 44530.544 | ER14: =(EQ14-EP14) -> 8.8215278 | ES14: 276.6425 | ET14: 2432.758 | EU14: 0.087 | EV14: =ET14*($F14)*(1/$D14)*(1/$ES14)*(1/$I14)*(12)*(1/(ER14*24)) -> 0.38153912 | EW14: =ET14*($F14)*(1/$D14)*(1/$ES14)*(1/$I14)*(12) -> 80.77819 | EX14: 44530.612 | EY14: 44539.603 | EZ14: =(EY14-EX14) -> 8.9909722 | FA14: 276.01467 | FB14: 2401.232 | FC14: 0.077 | FD14: =FB14*($F14)*(1/$D14)*(1/$FA14)*(1/$I14)*(12)*(1/(EZ14*24)) -> 0.37033791 | FE14: =FB14*($F14)*(1/$D14)*(1/$FA14)*(1/$I14)*(12) -> 79.912749 | FF14: 44539.627 | FG14: 44543.512 | FH14: =(FG14-FF14) -> 3.8847222 | FI14: 276.789 | FJ14: 1694.346 | FK14: 0.112 | FL14: =FJ14*($F14)*(1/$D14)*(1/$FI14)*(1/$I14)*(12)*(1/(FH14*24)) -> 0.6031095 | FM14: =FJ14*($F14)*(1/$D14)*(1/$FI14)*(1/$I14)*(12) -> 56.229909
A15: FL2C3 REP 5 H2 | B15: 473.176 | C15: =Vol_soil_calc!L14 -> 21.357738 | D15: 0.082057366 | E15: 275.15 | F15: =(B15-C15)/1000 -> 0.45181826 | G15: 3.01 | H15: 23.893 | I15: =H15/(G15+1) -> 5.9583541 | J15: 44447.912 | K15: 44447.913 | L15: =(K15-J15) -> 0.00069444445 | M15: 275.15 | N15: 32.831 | O15: 0.054 | P15: =N15*($F15)*(1/$D15)*(1/$M15)*(1/$I15)*(12)*(1/(L15*24)) -> 79.390217 | Q15: =N15*($F15)*(1/$D15)*(1/$M15)*(1/$I15)*(12) -> 1.3231703 | S15: 0.49236111 | T15: =(S15-R15) -> 0.49236111 | U15: 275.15 | V15: 706.301 | W15: 0.715 | X15: =V15*($F15)*(1/$D15)*(1/$U15)*(1/$I15)*(12)*(1/(T15*24)) -> 2.4089427 | Y15: =V15*($F15)*(1/$D15)*(1/$U15)*(1/$I15)*(12) -> 28.465672 | Z15: 44448.59 | AA15: 44449.638 | AB15: =(AA15-Z15) -> 1.0486111 | AC15: 278.97625 | AD15: 696.534 | AE15: 0.1131 | AF15: =AD15*($F15)*(1/$D15)*(1/$AC15)*(1/$I15)*(12)*(1/(AB15*24)) -> 1.1001465 | AG15: =AD15*($F15)*(1/$D15)*(1/$AC15)*(1/$I15)*(12) -> 27.687021 | AH15: 44449.726 | AI15: 44451.823 | AJ15: =(AI15-AH15) -> 2.0972222 | AK15: 275.30392 | AL15: 901.042 | AM15: 0.216 | AN15: =AL15*($F15)*(1/$D15)*(1/$AK15)*(1/$I15)*(12)*(1/(AJ15*24)) -> 0.72107111 | AO15: =AL15*($F15)*(1/$D15)*(1/$AK15)*(1/$I15)*(12) -> 36.293913 | AP15: 44451.903 | AQ15: 44453.656 | AR15: =(AQ15-AP15) -> 1.7527778 | AS15: 275.34575 | AT15: 736.594 | AU15: 0.01 | AV15: =AT15*($F15)*(1/$D15)*(1/$AS15)*(1/$I15)*(12)*(1/(AR15*24)) -> 0.70520088 | AW15: =AT15*($F15)*(1/$D15)*(1/$AS15)*(1/$I15)*(12) -> 29.66545 | AX15: 44453.801 | AY15: 44456.609 | AZ15: =(AY15-AX15) -> 2.8076389 | BA15: 275.28258 | BB15: 1602.56 | BC15: 0.183 | BD15: =BB15*($F15)*(1/$D15)*(1/$BA15)*(1/$I15)*(12)*(1/(AZ15*24)) -> 0.95804127 | BE15: =BB15*($F15)*(1/$D15)*(1/$BA15)*(1/$I15)*(12) -> 64.556014 | BF15: 44456.655 | BG15: 44459.688 | BH15: =(BG15-BF15) -> 3.0333333 | BI15: 274.02612 | BJ15: 538.745 | BK15: 0.116 | BL15: =BJ15*($F15)*(1/$D15)*(1/$BI15)*(1/$I15)*(12)*(1/(BH15*24)) -> 0.29947533 | BM15: =BJ15*($F15)*(1/$D15)*(1/$BI15)*(1/$I15)*(12) -> 21.801804 | BN15: 44459.831 | BO15: 44461.646 | BP15: =(BO15-BN15) -> 1.8145833 | BQ15: 276.14042 | BR15: 467.254 | BS15: 0.024 | BT15: =BR15*($F15)*(1/$D15)*(1/$BQ15)*(1/$I15)*(12)*(1/(BP15*24)) -> 0.43085986 | BU15: =BR15*($F15)*(1/$D15)*(1/$BQ15)*(1/$I15)*(12) -> 18.763947 | BV15: 44461.68 | BW15: 44466.602 | BX15: =(BW15-BV15) -> 4.9222222 | BY15: 276.28675 | BZ15: 1315.302 | CA15: 0.057 | CB15: =BZ15*($F15)*(1/$D15)*(1/$BY15)*(1/$I15)*(12)*(1/(BX15*24)) -> 0.44688328 | CC15: =BZ15*($F15)*(1/$D15)*(1/$BY15)*(1/$I15)*(12) -> 52.791812 | CD15: 44466.628 | CE15: 44473.553 | CF15: =(CE15-CD15) -> 6.925 | CG15: 276.30758 | CH15: 2056.448 | CI15: 0.044 | CJ15: =CH15*($F15)*(1/$D15)*(1/$CG15)*(1/$I15)*(12)*(1/(CF15*24)) -> 0.49658666 | CK15: =CH15*($F15)*(1/$D15)*(1/$CG15)*(1/$I15)*(12) -> 82.532704 | CL15: 44473.633 | CM15: 44477.653 | CN15: =(CM15-CL15) -> 4.0201389 | CO15: 276.45387 | CP15: 454.519 | CQ15: 1.946 | CR15: =CP15*($F15)*(1/$D15)*(1/$CO15)*(1/$I15)*(12)*(1/(CN15*24)) -> 0.18896362 | CS15: =CP15*($F15)*(1/$D15)*(1/$CO15)*(1/$I15)*(12) -> 18.23184 | CT15: 44477.722 | CU15: 44483.59 | CV15: =(CU15-CT15) -> 5.8680556 | CW15: 277.06033 | CX15: 3619.884 | CY15: 0.047 | CZ15: =CX15*($F15)*(1/$D15)*(1/$CW15)*(1/$I15)*(12)*(1/(CV15*24)) -> 1.0287645 | DA15: =CX15*($F15)*(1/$D15)*(1/$CW15)*(1/$I15)*(12) -> 144.88434 | DB15: 44483.719 | DC15: 44491.604 | DD15: =(DC15-DB15) -> 7.8854167 | DE15: 277.2485 | DF15: 4015.315 | DG15: 0.049 | DH15: =DF15*($F15)*(1/$D15)*(1/$DE15)*(1/$I15)*(12)*(1/(DD15*24)) -> 0.84862471 | DI15: =DF15*($F15)*(1/$D15)*(1/$DE15)*(1/$I15)*(12) -> 160.60223 | DJ15: 44491.651 | DK15: 44498.66 | DL15: =(DK15-DJ15) -> 7.0090278 | DM15: 276.97687 | DN15: 2762.807 | DO15: 0.042 | DP15: =DN15*($F15)*(1/$D15)*(1/$DM15)*(1/$I15)*(12)*(1/(DL15*24)) -> 0.65756571 | DQ15: =DN15*($F15)*(1/$D15)*(1/$DM15)*(1/$I15)*(12) -> 110.61351 | DR15: 44498.686 | DS15: 44505.601 | DT15: =(DS15-DR15) -> 6.9145833 | DU15: 276.60067 | DV15: 2614.653 | DW15: 0.066 | DX15: =DV15*($F15)*(1/$D15)*(1/$DU15)*(1/$I15)*(12)*(1/(DT15*24)) -> 0.63166196 | DY15: =DV15*($F15)*(1/$D15)*(1/$DU15)*(1/$I15)*(12) -> 104.8243 | DZ15: 44505.647 | EA15: 44512.644 | EB15: =(EA15-DZ15) -> 6.9972222 | EC15: 277.08092 | ED15: 1999.016 | EE15: 0.053 | EF15: =ED15*($F15)*(1/$D15)*(1/$EC15)*(1/$I15)*(12)*(1/(EB15*24)) -> 0.47640234 | EG15: =ED15*($F15)*(1/$D15)*(1/$EC15)*(1/$I15)*(12) -> 80.003834 | EH15: 44512.676 | EI15: 44521.708 | EJ15: =(EI15-EH15) -> 9.0319444 | EK15: 276.87229 | EL15: 2797.458 | EM15: 0.102 | EN15: =EL15*($F15)*(1/$D15)*(1/$EK15)*(1/$I15)*(12)*(1/(EJ15*24)) -> 0.51688357 | EO15: =EL15*($F15)*(1/$D15)*(1/$EK15)*(1/$I15)*(12) -> 112.04313 | EP15: 44521.733 | EQ15: 44530.622 | ER15: =(EQ15-EP15) -> 8.8895833 | ES15: 276.6425 | ET15: 2568.063 | EU15: 0.049 | EV15: =ET15*($F15)*(1/$D15)*(1/$ES15)*(1/$I15)*(12)*(1/(ER15*24)) -> 0.48249772 | EW15: =ET15*($F15)*(1/$D15)*(1/$ES15)*(1/$I15)*(12) -> 102.94089 | EX15: 44530.722 | EY15: 44539.654 | EZ15: =(EY15-EX15) -> 8.9326389 | FA15: 276.01467 | FB15: 3443.115 | FC15: 0.087 | FD15: =FB15*($F15)*(1/$D15)*(1/$FA15)*(1/$I15)*(12)*(1/(EZ15*24)) -> 0.6452522 | FE15: =FB15*($F15)*(1/$D15)*(1/$FA15)*(1/$I15)*(12) -> 138.33132 | FF15: 44539.674 | FG15: 44543.591 | FH15: =(FG15-FF15) -> 3.9166667 | FI15: 276.789 | FJ15: 1426.274 | FK15: 0.053 | FL15: =FJ15*($F15)*(1/$D15)*(1/$FI15)*(1/$I15)*(12)*(1/(FH15*24)) -> 0.6078934 | FM15: =FJ15*($F15)*(1/$D15)*(1/$FI15)*(1/$I15)*(12) -> 57.14198
A16: FL2C3 REP 6 H2 | B16: 473.176 | C16: =Vol_soil_calc!L15 -> 19.682802 | D16: 0.082057366 | E16: 275.15 | F16: =(B16-C16)/1000 -> 0.4534932 | G16: 3.076 | H16: 21.977 | I16: =H16/(G16+1) -> 5.3918057 | J16: 44447.912 | K16: 44447.918 | L16: =(K16-J16) -> 0.0055555556 | M16: 275.15 | N16: 64.496 | O16: 0.086 | P16: =N16*($F16)*(1/$D16)*(1/$M16)*(1/$I16)*(12)*(1/(L16*24)) -> 21.623438 | Q16: =N16*($F16)*(1/$D16)*(1/$M16)*(1/$I16)*(12) -> 2.8831251 | S16: 0.49722222 | T16: =(S16-R16) -> 0.49722222 | U16: 275.15 | V16: 771.926 | W16: 0.761 | X16: =V16*($F16)*(1/$D16)*(1/$U16)*(1/$I16)*(12)*(1/(T16*24)) -> 2.8916425 | Y16: =V16*($F16)*(1/$D16)*(1/$U16)*(1/$I16)*(12) -> 34.506934 | Z16: 44448.59 | AA16: 44449.67 | AB16: =(AA16-Z16) -> 1.0805556 | AC16: 278.97625 | AD16: 885.81 | AE16: 0.376 | AF16: =AD16*($F16)*(1/$D16)*(1/$AC16)*(1/$I16)*(12)*(1/(AB16*24)) -> 1.5059662 | AG16: =AD16*($F16)*(1/$D16)*(1/$AC16)*(1/$I16)*(12) -> 39.054723 | AH16: 44449.726 | AI16: 44451.829 | AJ16: =(AI16-AH16) -> 2.1034722 | AK16: 275.30392 | AL16: 763.827 | AM16: 0.103 | AN16: =AL16*($F16)*(1/$D16)*(1/$AK16)*(1/$I16)*(12)*(1/(AJ16*24)) -> 0.6759815 | AO16: =AL16*($F16)*(1/$D16)*(1/$AK16)*(1/$I16)*(12) -> 34.125799 | AP16: 44451.903 | AQ16: 44453.733 | AR16: =(AQ16-AP16) -> 1.8298611 | AS16: 275.34575 | AT16: 813.766 | AU16: 0.01 | AV16: =AT16*($F16)*(1/$D16)*(1/$AS16)*(1/$I16)*(12)*(1/(AR16*24)) -> 0.82773632 | AW16: =AT16*($F16)*(1/$D16)*(1/$AS16)*(1/$I16)*(12) -> 36.35142 | AX16: 44453.801 | AY16: 44456.628 | AZ16: =(AY16-AX16) -> 2.8263889 | BA16: 275.28258 | BB16: 1204.937 | BC16: 0.034 | BD16: =BB16*($F16)*(1/$D16)*(1/$BA16)*(1/$I16)*(12)*(1/(AZ16*24)) -> 0.79367493 | BE16: =BB16*($F16)*(1/$D16)*(1/$BA16)*(1/$I16)*(12) -> 53.837616 | BF16: 44456.655 | BG16: 44459.681 | BH16: =(BG16-BF16) -> 3.0256944 | BI16: 274.02612 | BJ16: 377.515 | BK16: 0.022 | BL16: =BJ16*($F16)*(1/$D16)*(1/$BI16)*(1/$I16)*(12)*(1/(BH16*24)) -> 0.23334911 | BM16: =BJ16*($F16)*(1/$D16)*(1/$BI16)*(1/$I16)*(12) -> 16.945035 | BN16: 44459.831 | BO16: 44461.642 | BP16: =(BO16-BN16) -> 1.8104167 | BQ16: 276.14042 | BR16: 449.71 | BS16: 0.034 | BT16: =BR16*($F16)*(1/$D16)*(1/$BQ16)*(1/$I16)*(12)*(1/(BP16*24)) -> 0.46101282 | BU16: =BR16*($F16)*(1/$D16)*(1/$BQ16)*(1/$I16)*(12) -> 20.031007 | BV16: 44461.68 | BW16: 44466.61 | BX16: =(BW16-BV16) -> 4.9298611 | BY16: 276.28675 | BZ16: 1000.273 | CA16: 0.044 | CB16: =BZ16*($F16)*(1/$D16)*(1/$BY16)*(1/$I16)*(12)*(1/(BX16*24)) -> 0.37636808 | CC16: =BZ16*($F16)*(1/$D16)*(1/$BY16)*(1/$I16)*(12) -> 44.530616 | CD16: 44466.628 | CE16: 44473.558 | CF16: =(CE16-CD16) -> 6.9305556 | CG16: 276.30758 | CH16: 2024.255 | CI16: 0.049 | CJ16: =CH16*($F16)*(1/$D16)*(1/$CG16)*(1/$I16)*(12)*(1/(CF16*24)) -> 0.54174304 | CK16: =CH16*($F16)*(1/$D16)*(1/$CG16)*(1/$I16)*(12) -> 90.109926 | CL16: 44473.633 | CM16: 44477.659 | CN16: =(CM16-CL16) -> 4.0256944 | CO16: 276.45387 | CP16: 1649.673 | CQ16: 0.032 | CR16: =CP16*($F16)*(1/$D16)*(1/$CO16)*(1/$I16)*(12)*(1/(CN16*24)) -> 0.75966716 | CS16: =CP16*($F16)*(1/$D16)*(1/$CO16)*(1/$I16)*(12) -> 73.396509 | CT16: 44477.722 | CU16: 44483.596 | CV16: =(CU16-CT16) -> 5.8736111 | CW16: 277.06033 | CX16: 3947.488 | CY16: 0.059 | CZ16: =CX16*($F16)*(1/$D16)*(1/$CW16)*(1/$I16)*(12)*(1/(CV16*24)) -> 1.2431692 | DA16: =CX16*($F16)*(1/$D16)*(1/$CW16)*(1/$I16)*(12) -> 175.24542 | DB16: 44483.719 | DC16: 44491.621 | DD16: =(DC16-DB16) -> 7.9020833 | DE16: 277.2485 | DF16: 4861.33 | DG16: 0.055 | DH16: =DF16*($F16)*(1/$D16)*(1/$DE16)*(1/$I16)*(12)*(1/(DD16*24)) -> 1.1371906 | DI16: =DF16*($F16)*(1/$D16)*(1/$DE16)*(1/$I16)*(12) -> 215.6682 | DJ16: 44491.651 | DK16: 44498.656 | DL16: =(DK16-DJ16) -> 7.0055556 | DM16: 276.97687 | DN16: 3660.193 | DO16: 0.076 | DP16: =DN16*($F16)*(1/$D16)*(1/$DM16)*(1/$I16)*(12)*(1/(DL16*24)) -> 0.96673373 | DQ16: =DN16*($F16)*(1/$D16)*(1/$DM16)*(1/$I16)*(12) -> 162.54016 | DR16: 44498.686 | DS16: 44505.635 | DT16: =(DS16-DR16) -> 6.9486111 | DU16: 276.60067 | DV16: 2504.881 | DW16: 0.061 | DX16: =DV16*($F16)*(1/$D16)*(1/$DU16)*(1/$I16)*(12)*(1/(DT16*24)) -> 0.66792061 | DY16: =DV16*($F16)*(1/$D16)*(1/$DU16)*(1/$I16)*(12) -> 111.38689 | DZ16: 44505.647 | EA16: 44512.64 | EB16: =(EA16-DZ16) -> 6.9930556 | EC16: 277.08092 | ED16: 2307.255 | EE16: 0.079 | EF16: =ED16*($F16)*(1/$D16)*(1/$EC16)*(1/$I16)*(12)*(1/(EB16*24)) -> 0.61025448 | EG16: =ED16*($F16)*(1/$D16)*(1/$EC16)*(1/$I16)*(12) -> 102.42104 | EH16: 44512.676 | EI16: 44521.703 | EJ16: =(EI16-EH16) -> 9.0270833 | EK16: 276.87229 | EL16: 2577.817 | EM16: 0.066 | EN16: =EL16*($F16)*(1/$D16)*(1/$EK16)*(1/$I16)*(12)*(1/(EJ16*24)) -> 0.52858412 | EO16: =EL16*($F16)*(1/$D16)*(1/$EK16)*(1/$I16)*(12) -> 114.51775 | EP16: 44521.733 | EQ16: 44530.713 | ER16: =(EQ16-EP16) -> 8.9798611 | ES16: 276.6425 | ET16: 4078.914 | EU16: 0.138 | EV16: =ET16*($F16)*(1/$D16)*(1/$ES16)*(1/$I16)*(12)*(1/(ER16*24)) -> 0.84148234 | EW16: =ET16*($F16)*(1/$D16)*(1/$ES16)*(1/$I16)*(12) -> 181.35347 | EX16: 44530.722 | EY16: 44539.621 | EZ16: =(EY16-EX16) -> 8.8993056 | FA16: 276.01467 | FB16: 2418.942 | FC16: 0.098 | FD16: =FB16*($F16)*(1/$D16)*(1/$FA16)*(1/$I16)*(12)*(1/(EZ16*24)) -> 0.50469169 | FE16: =FB16*($F16)*(1/$D16)*(1/$FA16)*(1/$I16)*(12) -> 107.79373 | FF16: 44539.674 | FG16: 44543.556 | FH16: =(FG16-FF16) -> 3.88125 | FI16: 276.789 | FJ16: 1508.317 | FK16: 0.086 | FL16: =FJ16*($F16)*(1/$D16)*(1/$FI16)*(1/$I16)*(12)*(1/(FH16*24)) -> 0.7195503 | FM16: =FJ16*($F16)*(1/$D16)*(1/$FI16)*(1/$I16)*(12) -> 67.02611
A17: FL2C3 REP 7 H2 | B17: 473.176 | C17: =Vol_soil_calc!L16 -> 20.777194 | D17: 0.082057366 | E17: 275.15 | F17: =(B17-C17)/1000 -> 0.45239881 | G17: 3.305 | H17: 23.056 | I17: =H17/(G17+1) -> 5.355633 | J17: 44447.912 | K17: 44447.923 | L17: =(K17-J17) -> 0.010416667 | M17: 275.15 | N17: 175.602 | O17: 0.61 | P17: =N17*($F17)*(1/$D17)*(1/$M17)*(1/$I17)*(12)*(1/(L17*24)) -> 31.535103 | Q17: =N17*($F17)*(1/$D17)*(1/$M17)*(1/$I17)*(12) -> 7.8837756 | S17: 0.50069444 | T17: =(S17-R17) -> 0.50069444 | U17: 275.15 | V17: 800.428 | W17: 1.409 | X17: =V17*($F17)*(1/$D17)*(1/$U17)*(1/$I17)*(12)*(1/(T17*24)) -> 2.9904948 | Y17: =V17*($F17)*(1/$D17)*(1/$U17)*(1/$I17)*(12) -> 35.93578 | Z17: 44448.59 | AA17: 44449.675 | AB17: =(AA17-Z17) -> 1.0854167 | AC17: 278.97625 | AD17: 693.42 | AE17: 0.818 | AF17: =AD17*($F17)*(1/$D17)*(1/$AC17)*(1/$I17)*(12)*(1/(AB17*24)) -> 1.1786795 | AG17: =AD17*($F17)*(1/$D17)*(1/$AC17)*(1/$I17)*(12) -> 30.7046 | AH17: 44449.726 | AI17: 44451.833 | AJ17: =(AI17-AH17) -> 2.1076389 | AK17: 275.30392 | AL17: 846.477 | AM17: 0.753 | AN17: =AL17*($F17)*(1/$D17)*(1/$AK17)*(1/$I17)*(12)*(1/(AJ17*24)) -> 0.75087845 | AO17: =AL17*($F17)*(1/$D17)*(1/$AK17)*(1/$I17)*(12) -> 37.981935 | AP17: 44451.903 | AQ17: 44453.74 | AR17: =(AQ17-AP17) -> 1.8368056 | AS17: 275.34575 | AT17: 686.868 | AU17: 0.01 | AV17: =AT17*($F17)*(1/$D17)*(1/$AS17)*(1/$I17)*(12)*(1/(AR17*24)) -> 0.69902836 | AW17: =AT17*($F17)*(1/$D17)*(1/$AS17)*(1/$I17)*(12) -> 30.8155 | AX17: 44453.801 | AY17: 44456.619 | AZ17: =(AY17-AX17) -> 2.8180556 | BA17: 275.28258 | BB17: 1484.35 | BC17: 0.875 | BD17: =BB17*($F17)*(1/$D17)*(1/$BA17)*(1/$I17)*(12)*(1/(AZ17*24)) -> 0.9848523 | BE17: =BB17*($F17)*(1/$D17)*(1/$BA17)*(1/$I17)*(12) -> 66.608844 | BF17: 44456.655 | BG17: 44459.676 | BH17: =(BG17-BF17) -> 3.0208333 | BI17: 274.02612 | BJ17: 493.131 | BK17: 1.623 | BL17: =BJ17*($F17)*(1/$D17)*(1/$BI17)*(1/$I17)*(12)*(1/(BH17*24)) -> 0.30662435 | BM17: =BJ17*($F17)*(1/$D17)*(1/$BI17)*(1/$I17)*(12) -> 22.230266 | BN17: 44459.831 | BO17: 44461.659 | BP17: =(BO17-BN17) -> 1.8277778 | BQ17: 276.14042 | BR17: 509.607 | BS17: 0.574 | BT17: =BR17*($F17)*(1/$D17)*(1/$BQ17)*(1/$I17)*(12)*(1/(BP17*24)) -> 0.51969087 | BU17: =BR17*($F17)*(1/$D17)*(1/$BQ17)*(1/$I17)*(12) -> 22.797106 | BV17: 44461.68 | BW17: 44466.614 | BX17: =(BW17-BV17) -> 4.9340278 | BY17: 276.28675 | BZ17: 977.498 | CA17: 1.066 | CB17: =BZ17*($F17)*(1/$D17)*(1/$BY17)*(1/$I17)*(12)*(1/(BX17*24)) -> 0.36907727 | CC17: =BZ17*($F17)*(1/$D17)*(1/$BY17)*(1/$I17)*(12) -> 43.7049 | CD17: 44466.628 | CE17: 44473.578 | CF17: =(CE17-CD17) -> 6.9506944 | CG17: 276.30758 | CH17: 1576.037 | CI17: 1.264 | CJ17: =CH17*($F17)*(1/$D17)*(1/$CG17)*(1/$I17)*(12)*(1/(CF17*24)) -> 0.42238499 | CK17: =CH17*($F17)*(1/$D17)*(1/$CG17)*(1/$I17)*(12) -> 70.460857 | CL17: 44473.633 | CM17: 44477.667 | CN17: =(CM17-CL17) -> 4.0340278 | CO17: 276.45387 | CP17: 1128.178 | CQ17: 1.237 | CR17: =CP17*($F17)*(1/$D17)*(1/$CO17)*(1/$I17)*(12)*(1/(CN17*24)) -> 0.52068988 | CS17: =CP17*($F17)*(1/$D17)*(1/$CO17)*(1/$I17)*(12) -> 50.411458 | CT17: 44477.722 | CU17: 44483.687 | CV17: =(CU17-CT17) -> 5.9645833 | CW17: 277.06033 | CX17: 2223.286 | CY17: 1.371 | CZ17: =CX17*($F17)*(1/$D17)*(1/$CW17)*(1/$I17)*(12)*(1/(CV17*24)) -> 0.69247475 | DA17: =CX17*($F17)*(1/$D17)*(1/$CW17)*(1/$I17)*(12) -> 99.127761 | DB17: 44483.719 | DC17: 44491.617 | DD17: =(DC17-DB17) -> 7.8979167 | DE17: 277.2485 | DF17: 1924.231 | DG17: 1.725 | DH17: =DF17*($F17)*(1/$D17)*(1/$DE17)*(1/$I17)*(12)*(1/(DD17*24)) -> 0.45231244 | DI17: =DF17*($F17)*(1/$D17)*(1/$DE17)*(1/$I17)*(12) -> 85.735822 | DJ17: 44491.651 | DK17: 44498.652 | DL17: =(DK17-DJ17) -> 7.0013889 | DM17: 276.97687 | DN17: 1407.543 | DO17: 1.567 | DP17: =DN17*($F17)*(1/$D17)*(1/$DM17)*(1/$I17)*(12)*(1/(DL17*24)) -> 0.37359154 | DQ17: =DN17*($F17)*(1/$D17)*(1/$DM17)*(1/$I17)*(12) -> 62.775832 | DR17: 44498.686 | DS17: 44505.597 | DT17: =(DS17-DR17) -> 6.9111111 | DU17: 276.60067 | DV17: 1249.32 | DW17: 1.5 | DX17: =DV17*($F17)*(1/$D17)*(1/$DU17)*(1/$I17)*(12)*(1/(DT17*24)) -> 0.33638426 | DY17: =DV17*($F17)*(1/$D17)*(1/$DU17)*(1/$I17)*(12) -> 55.794936 | DZ17: 44505.647 | EA17: 44512.656 | EB17: =(EA17-DZ17) -> 7.0083333 | EC17: 277.08092 | ED17: 1167.468 | EE17: 1.668 | EF17: =ED17*($F17)*(1/$D17)*(1/$EC17)*(1/$I17)*(12)*(1/(EB17*24)) -> 0.3094473 | EG17: =ED17*($F17)*(1/$D17)*(1/$EC17)*(1/$I17)*(12) -> 52.049035 | EH17: 44512.676 | EI17: 44521.693 | EJ17: =(EI17-EH17) -> 9.0166667 | EK17: 276.87229 | EL17: 1357.601 | EM17: 1.75 | EN17: =EL17*($F17)*(1/$D17)*(1/$EK17)*(1/$I17)*(12)*(1/(EJ17*24)) -> 0.27990439 | EO17: =EL17*($F17)*(1/$D17)*(1/$EK17)*(1/$I17)*(12) -> 60.57131 | EP17: 44521.733 | EQ17: 44530.64 | ER17: =(EQ17-EP17) -> 8.9069444 | ES17: 276.6425 | ET17: 1387.077 | EU17: 1.676 | EV17: =ET17*($F17)*(1/$D17)*(1/$ES17)*(1/$I17)*(12)*(1/(ER17*24)) -> 0.28974503 | EW17: =ET17*($F17)*(1/$D17)*(1/$ES17)*(1/$I17)*(12) -> 61.93783 | EX17: 44530.722 | EY17: 44539.658 | EZ17: =(EY17-EX17) -> 8.9368056 | FA17: 276.01467 | FB17: 1538.945 | FC17: 1.763 | FD17: =FB17*($F17)*(1/$D17)*(1/$FA17)*(1/$I17)*(12)*(1/(EZ17*24)) -> 0.32112322 | FE17: =FB17*($F17)*(1/$D17)*(1/$FA17)*(1/$I17)*(12) -> 68.875578 | FF17: 44539.674 | FG17: 44543.595 | FH17: =(FG17-FF17) -> 3.9208333 | FI17: 276.789 | FJ17: 1092.314 | FK17: 1.143 | FL17: =FJ17*($F17)*(1/$D17)*(1/$FI17)*(1/$I17)*(12)*(1/(FH17*24)) -> 0.51806394 | FM17: =FJ17*($F17)*(1/$D17)*(1/$FI17)*(1/$I17)*(12) -> 48.749817
A18: FL2C3 REP 8 H2 | B18: 473.176 | C18: =Vol_soil_calc!L17 -> 8.294678 | D18: 0.082057366 | E18: 275.15 | F18: =(B18-C18)/1000 -> 0.46488132 | G18: 0.34 | H18: 12.154 | I18: =H18/(G18+1) -> 9.0701493 | J18: 44447.912 | K18: 44447.935 | L18: =(K18-J18) -> 0.022222222 | M18: 275.15 | N18: 67.119 | O18: 0.043 | P18: =N18*($F18)*(1/$D18)*(1/$M18)*(1/$I18)*(12)*(1/(L18*24)) -> 3.4282191 | Q18: =N18*($F18)*(1/$D18)*(1/$M18)*(1/$I18)*(12) -> 1.8283835 | S18: 0.50833333 | T18: =(S18-R18) -> 0.50833333 | U18: 275.15 | V18: 599.993 | W18: 0.241 | X18: =V18*($F18)*(1/$D18)*(1/$U18)*(1/$I18)*(12)*(1/(T18*24)) -> 1.3397019 | Y18: =V18*($F18)*(1/$D18)*(1/$U18)*(1/$I18)*(12) -> 16.344363 | Z18: 44448.59 | AA18: 44449.68 | AB18: =(AA18-Z18) -> 1.0902778 | AC18: 278.97625 | AD18: 396.329 | AE18: 0.068 | AF18: =AD18*($F18)*(1/$D18)*(1/$AC18)*(1/$I18)*(12)*(1/(AB18*24)) -> 0.4069411 | AG18: =AD18*($F18)*(1/$D18)*(1/$AC18)*(1/$I18)*(12) -> 10.648292 | AH18: 44449.726 | AI18: 44451.84 | AJ18: =(AI18-AH18) -> 2.1145833 | AK18: 275.30392 | AL18: 402.057 | AM18: 0.035 | AN18: =AL18*($F18)*(1/$D18)*(1/$AK18)*(1/$I18)*(12)*(1/(AJ18*24)) -> 0.21569026 | AO18: =AL18*($F18)*(1/$D18)*(1/$AK18)*(1/$I18)*(12) -> 10.946281 | AP18: 44451.903 | AQ18: 44453.745 | AR18: =(AQ18-AP18) -> 1.8416667 | AS18: 275.34575 | AT18: 389.369 | AU18: 0.02 | AV18: =AT18*($F18)*(1/$D18)*(1/$AS18)*(1/$I18)*(12)*(1/(AR18*24)) -> 0.23980159 | AW18: =AT18*($F18)*(1/$D18)*(1/$AS18)*(1/$I18)*(12) -> 10.59923 | AX18: 44453.801 | AY18: 44456.624 | AZ18: =(AY18-AX18) -> 2.8222222 | BA18: 275.28258 | BB18: 643.642 | BC18: 0.024 | BD18: =BB18*($F18)*(1/$D18)*(1/$BA18)*(1/$I18)*(12)*(1/(AZ18*24)) -> 0.25873461 | BE18: =BB18*($F18)*(1/$D18)*(1/$BA18)*(1/$I18)*(12) -> 17.524958 | BF18: 44456.655 | BG18: 44459.671 | BH18: =(BG18-BF18) -> 3.0159722 | BI18: 274.02612 | BJ18: 503.279 | BK18: 2.092 | BL18: =BJ18*($F18)*(1/$D18)*(1/$BI18)*(1/$I18)*(12)*(1/(BH18*24)) -> 0.19018208 | BM18: =BJ18*($F18)*(1/$D18)*(1/$BI18)*(1/$I18)*(12) -> 13.766013 | BN18: 44459.831 | BO18: 44461.662 | BP18: =(BO18-BN18) -> 1.83125 | BQ18: 276.14042 | BR18: 529.255 | BS18: 2.008 | BT18: =BR18*($F18)*(1/$D18)*(1/$BQ18)*(1/$I18)*(12)*(1/(BP18*24)) -> 0.32686427 | BU18: =BR18*($F18)*(1/$D18)*(1/$BQ18)*(1/$I18)*(12) -> 14.365685 | BV18: 44461.68 | BW18: 44466.618 | BX18: =(BW18-BV18) -> 4.9381944 | BY18: 276.28675 | BZ18: 558.802 | CA18: 2.056 | CB18: =BZ18*($F18)*(1/$D18)*(1/$BY18)*(1/$I18)*(12)*(1/(BX18*24)) -> 0.12791156 | CC18: =BZ18*($F18)*(1/$D18)*(1/$BY18)*(1/$I18)*(12) -> 15.159652 | CD18: 44466.628 | CE18: 44473.588 | CF18: =(CE18-CD18) -> 6.9604167 | CG18: 276.30758 | CH18: 649.205 | CI18: 2.01 | CJ18: =CH18*($F18)*(1/$D18)*(1/$CG18)*(1/$I18)*(12)*(1/(CF18*24)) -> 0.10542265 | CK18: =CH18*($F18)*(1/$D18)*(1/$CG18)*(1/$I18)*(12) -> 17.610853 | CL18: 44473.633 | CM18: 44477.686 | CN18: =(CM18-CL18) -> 4.0527778 | CO18: 276.45387 | CP18: 659.951 | CQ18: 2.035 | CR18: =CP18*($F18)*(1/$D18)*(1/$CO18)*(1/$I18)*(12)*(1/(CN18*24)) -> 0.183957 | CS18: =CP18*($F18)*(1/$D18)*(1/$CO18)*(1/$I18)*(12) -> 17.892884 | CT18: 44477.722 | CU18: 44483.681 | CV18: =(CU18-CT18) -> 5.9583333 | CW18: 277.06033 | CX18: 712.503 | CY18: 2.017 | CZ18: =CX18*($F18)*(1/$D18)*(1/$CW18)*(1/$I18)*(12)*(1/(CV18*24)) -> 0.13479309 | DA18: =CX18*($F18)*(1/$D18)*(1/$CW18)*(1/$I18)*(12) -> 19.275413 | DB18: 44483.719 | DC18: 44491.613 | DD18: =(DC18-DB18) -> 7.8944444 | DE18: 277.2485 | DF18: 726.625 | DG18: 2.091 | DH18: =DF18*($F18)*(1/$D18)*(1/$DE18)*(1/$I18)*(12)*(1/(DD18*24)) -> 0.10368111 | DI18: =DF18*($F18)*(1/$D18)*(1/$DE18)*(1/$I18)*(12) -> 19.644115 | DJ18: 44491.651 | DK18: 44498.649 | DL18: =(DK18-DJ18) -> 6.9979167 | DM18: 276.97687 | DN18: 723.799 | DO18: 2.037 | DP18: =DN18*($F18)*(1/$D18)*(1/$DM18)*(1/$I18)*(12)*(1/(DL18*24)) -> 0.11662343 | DQ18: =DN18*($F18)*(1/$D18)*(1/$DM18)*(1/$I18)*(12) -> 19.586904 | DR18: 44498.686 | DS18: 44505.61 | DT18: =(DS18-DR18) -> 6.9243056 | DU18: 276.60067 | DV18: 739.676 | DW18: 2.047 | DX18: =DV18*($F18)*(1/$D18)*(1/$DU18)*(1/$I18)*(12)*(1/(DT18*24)) -> 0.12061246 | DY18: =DV18*($F18)*(1/$D18)*(1/$DU18)*(1/$I18)*(12) -> 20.043781 | DZ18: 44505.647 | EA18: 44512.66 | EB18: =(EA18-DZ18) -> 7.0125 | EC18: 277.08092 | ED18: 717.863 | EE18: 2.052 | EF18: =ED18*($F18)*(1/$D18)*(1/$EC18)*(1/$I18)*(12)*(1/(EB18*24)) -> 0.11538309 | EG18: =ED18*($F18)*(1/$D18)*(1/$EC18)*(1/$I18)*(12) -> 19.418974 | EH18: 44512.676 | EI18: 44521.682 | EJ18: =(EI18-EH18) -> 9.0055556 | EK18: 276.87229 | EL18: 666.096 | EM18: 2.036 | EN18: =EL18*($F18)*(1/$D18)*(1/$EK18)*(1/$I18)*(12)*(1/(EJ18*24)) -> 0.083430898 | EO18: =EL18*($F18)*(1/$D18)*(1/$EK18)*(1/$I18)*(12) -> 18.032198 | EP18: 44521.733 | EQ18: 44530.626 | ER18: =(EQ18-EP18) -> 8.89375 | ES18: 276.6425 | ET18: 661.778 | EU18: 2.057 | EV18: =ET18*($F18)*(1/$D18)*(1/$ES18)*(1/$I18)*(12)*(1/(ER18*24)) -> 0.084001802 | EW18: =ET18*($F18)*(1/$D18)*(1/$ES18)*(1/$I18)*(12) -> 17.930185 | EX18: 44530.722 | EY18: 44539.642 | EZ18: =(EY18-EX18) -> 8.9208333 | FA18: 276.01467 | FB18: 655.364 | FC18: 2.128 | FD18: =FB18*($F18)*(1/$D18)*(1/$FA18)*(1/$I18)*(12)*(1/(EZ18*24)) -> 0.083123743 | FE18: =FB18*($F18)*(1/$D18)*(1/$FA18)*(1/$I18)*(12) -> 17.796793 | FF18: 44539.674 | FG18: 44543.569 | FH18: =(FG18-FF18) -> 3.8951389 | FI18: 276.789 | FJ18: 673.908 | FK18: 2.06 | FL18: =FJ18*($F18)*(1/$D18)*(1/$FI18)*(1/$I18)*(12)*(1/(FH18*24)) -> 0.19521309 | FM18: =FJ18*($F18)*(1/$D18)*(1/$FI18)*(1/$I18)*(12) -> 18.24917
A19: BEO 1 REP 5 H2 | B19: 473.176 | C19: =Vol_soil_calc!L18 -> 30.826291 | D19: 0.082057366 | E19: 275.15 | F19: =(B19-C19)/1000 -> 0.44234971 | G19: 2.93 | H19: 35.007 | I19: =H19/(G19+1) -> 8.9076336 | J19: 44447.912 | K19: 44447.939 | L19: =(K19-J19) -> 0.026388889 | M19: 275.15 | N19: 258.68 | O19: 41.773 | P19: =N19*($F19)*(1/$D19)*(1/$M19)*(1/$I19)*(12)*(1/(L19*24)) -> 10.780231 | Q19: =N19*($F19)*(1/$D19)*(1/$M19)*(1/$I19)*(12) -> 6.8274796 | S19: 0.51388889 | T19: =(S19-R19) -> 0.51388889 | U19: 275.15 | V19: 2299.156 | W19: 536.933 | X19: =V19*($F19)*(1/$D19)*(1/$U19)*(1/$I19)*(12)*(1/(T19*24)) -> 4.9202314 | Y19: =V19*($F19)*(1/$D19)*(1/$U19)*(1/$I19)*(12) -> 60.682854 | Z19: 44448.59 | AA19: 44449.683 | AB19: =(AA19-Z19) -> 1.09375 | AC19: 278.97625 | AD19: 1068.141 | AE19: 264.003 | AF19: =AD19*($F19)*(1/$D19)*(1/$AC19)*(1/$I19)*(12)*(1/(AB19*24)) -> 1.0592516 | AG19: =AD19*($F19)*(1/$D19)*(1/$AC19)*(1/$I19)*(12) -> 27.805354 | AH19: 44449.733 | AI19: 44451.846 | AJ19: =(AI19-AH19) -> 2.1125 | AK19: 275.30392 | AL19: 780.446 | AM19: 40.49 | AN19: =AL19*($F19)*(1/$D19)*(1/$AK19)*(1/$I19)*(12)*(1/(AJ19*24)) -> 0.40605942 | AO19: =AL19*($F19)*(1/$D19)*(1/$AK19)*(1/$I19)*(12) -> 20.587212 | AP19: 44451.895 | AQ19: 44453.751 | AR19: =(AQ19-AP19) -> 1.8555556 | AS19: 275.34575 | AT19: 399.137 | AU19: 0.02 | AV19: =AT19*($F19)*(1/$D19)*(1/$AS19)*(1/$I19)*(12)*(1/(AR19*24)) -> 0.23638803 | AW19: =AT19*($F19)*(1/$D19)*(1/$AS19)*(1/$I19)*(12) -> 10.527147 | AX19: 44453.801 | AY19: 44456.636 | AZ19: =(AY19-AX19) -> 2.8347222 | BA19: 275.28258 | BB19: 467.971 | BC19: 1.944 | BD19: =BB19*($F19)*(1/$D19)*(1/$BA19)*(1/$I19)*(12)*(1/(AZ19*24)) -> 0.18146193 | BE19: =BB19*($F19)*(1/$D19)*(1/$BA19)*(1/$I19)*(12) -> 12.34546 | BF19: 44456.655 | BG19: 44459.692 | BH19: =(BG19-BF19) -> 3.0375 | BI19: 274.02612 | BJ19: 232.512 | BK19: 1.105 | BL19: =BJ19*($F19)*(1/$D19)*(1/$BI19)*(1/$I19)*(12)*(1/(BH19*24)) -> 0.084526512 | BM19: =BJ19*($F19)*(1/$D19)*(1/$BI19)*(1/$I19)*(12) -> 6.1619827 | BN19: 44459.831 | BO19: 44461.512 | BP19: =(BO19-BN19) -> 1.6805556 | BQ19: 276.14042 | BR19: 266.157 | BS19: 4.534 | BT19: =BR19*($F19)*(1/$D19)*(1/$BQ19)*(1/$I19)*(12)*(1/(BP19*24)) -> 0.17354451 | BU19: =BR19*($F19)*(1/$D19)*(1/$BQ19)*(1/$I19)*(12) -> 6.9996285 | BV19: 44461.68 | BW19: 44466.583 | BX19: =(BW19-BV19) -> 4.9034722 | BY19: 276.28675 | BZ19: 556.781 | CA19: 10.591 | CB19: =BZ19*($F19)*(1/$D19)*(1/$BY19)*(1/$I19)*(12)*(1/(BX19*24)) -> 0.12435878 | CC19: =BZ19*($F19)*(1/$D19)*(1/$BY19)*(1/$I19)*(12) -> 14.634956 | CD19: 44466.628 | CE19: 44473.584 | CF19: =(CE19-CD19) -> 6.95625 | CG19: 276.30758 | CH19: 721.679 | CI19: 16.217 | CJ19: =CH19*($F19)*(1/$D19)*(1/$CG19)*(1/$I19)*(12)*(1/(CF19*24)) -> 0.11361402 | CK19: =CH19*($F19)*(1/$D19)*(1/$CG19)*(1/$I19)*(12) -> 18.96786 | CL19: 44473.633 | CM19: 44477.692 | CN19: =(CM19-CL19) -> 4.0590278 | CO19: 276.45387 | CP19: 609.514 | CQ19: 8.568 | CR19: =CP19*($F19)*(1/$D19)*(1/$CO19)*(1/$I19)*(12)*(1/(CN19*24)) -> 0.1643595 | CS19: =CP19*($F19)*(1/$D19)*(1/$CO19)*(1/$I19)*(12) -> 16.011355 | CT19: 44477.722 | CU19: 44483.698 | CV19: =(CU19-CT19) -> 5.9756944 | CW19: 277.06033 | CX19: 1425.463 | CY19: 8.1 | CZ19: =CX19*($F19)*(1/$D19)*(1/$CW19)*(1/$I19)*(12)*(1/(CV19*24)) -> 0.26052479 | DA19: =CX19*($F19)*(1/$D19)*(1/$CW19)*(1/$I19)*(12) -> 37.363596 | DB19: 44483.719 | DC19: 44491.637 | DD19: =(DC19-DB19) -> 7.9180556 | DE19: 277.2485 | DF19: 4489.574 | DG19: 7.799 | DH19: =DF19*($F19)*(1/$D19)*(1/$DE19)*(1/$I19)*(12)*(1/(DD19*24)) -> 0.61883265 | DI19: =DF19*($F19)*(1/$D19)*(1/$DE19)*(1/$I19)*(12) -> 117.59883 | DJ19: 44491.651 | DK19: 44498.676 | DL19: =(DK19-DJ19) -> 7.025 | DM19: 276.97687 | DN19: 3634.216 | DO19: 10.277 | DP19: =DN19*($F19)*(1/$D19)*(1/$DM19)*(1/$I19)*(12)*(1/(DL19*24)) -> 0.56516691 | DQ19: =DN19*($F19)*(1/$D19)*(1/$DM19)*(1/$I19)*(12) -> 95.287142 | DR19: 44498.686 | DS19: 44505.576 | DT19: =(DS19-DR19) -> 6.8902778 | DU19: 276.60067 | DV19: 3081.131 | DW19: 10.585 | DX19: =DV19*($F19)*(1/$D19)*(1/$DU19)*(1/$I19)*(12)*(1/(DT19*24)) -> 0.48918828 | DY19: =DV19*($F19)*(1/$D19)*(1/$DU19)*(1/$I19)*(12) -> 80.895435 | DZ19: 44505.647 | EA19: 44512.629 | EB19: =(EA19-DZ19) -> 6.9819444 | EC19: 277.08092 | ED19: 3182.462 | EE19: 12.048 | EF19: =ED19*($F19)*(1/$D19)*(1/$EC19)*(1/$I19)*(12)*(1/(EB19*24)) -> 0.49777841 | EG19: =ED19*($F19)*(1/$D19)*(1/$EC19)*(1/$I19)*(12) -> 83.411069 | EH19: 44512.676 | EI19: 44521.689 | EJ19: =(EI19-EH19) -> 9.0125 | EK19: 276.87229 | EL19: 5384.7 | EM19: 22.574 | EN19: =EL19*($F19)*(1/$D19)*(1/$EK19)*(1/$I19)*(12)*(1/(EJ19*24)) -> 0.65296901 | EO19: =EL19*($F19)*(1/$D19)*(1/$EK19)*(1/$I19)*(12) -> 141.2372 | EP19: 44521.733 | EQ19: 44530.631 | ER19: =(EQ19-EP19) -> 8.8979167 | ES19: 276.6425 | ET19: 5639.098 | EU19: 14.075 | EV19: =ET19*($F19)*(1/$D19)*(1/$ES19)*(1/$I19)*(12)*(1/(ER19*24)) -> 0.6931995 | EW19: =ET19*($F19)*(1/$D19)*(1/$ES19)*(1/$I19)*(12) -> 148.03275 | EX19: 44530.722 | EY19: 44539.638 | EZ19: =(EY19-EX19) -> 8.9166667 | FA19: 276.01467 | FB19: 3401.491 | FC19: 8.93 | FD19: =FB19*($F19)*(1/$D19)*(1/$FA19)*(1/$I19)*(12)*(1/(EZ19*24)) -> 0.4182062 | FE19: =FB19*($F19)*(1/$D19)*(1/$FA19)*(1/$I19)*(12) -> 89.496127 | FF19: 44539.674 | FG19: 44543.588 | FH19: =(FG19-FF19) -> 3.9131944 | FI19: 276.789 | FJ19: 1367.776 | FK19: 3.521 | FL19: =FJ19*($F19)*(1/$D19)*(1/$FI19)*(1/$I19)*(12)*(1/(FH19*24)) -> 0.3821119 | FM19: =FJ19*($F19)*(1/$D19)*(1/$FI19)*(1/$I19)*(12) -> 35.886675
A20: BEO 1 REP 6 H2 | B20: 473.176 | C20: =Vol_soil_calc!L19 -> 26.784192 | D20: 0.082057366 | E20: 275.15 | F20: =(B20-C20)/1000 -> 0.44639181 | G20: 2.358 | H20: 31.136 | I20: =H20/(G20+1) -> 9.2721858 | J20: 44447.912 | K20: 44447.944 | L20: =(K20-J20) -> 0.031944444 | M20: 275.15 | N20: 329.612 | O20: 37.995 | P20: =N20*($F20)*(1/$D20)*(1/$M20)*(1/$I20)*(12)*(1/(L20*24)) -> 11.00081 | Q20: =N20*($F20)*(1/$D20)*(1/$M20)*(1/$I20)*(12) -> 8.4339546 | S20: 0.52013889 | T20: =(S20-R20) -> 0.52013889 | U20: 275.15 | V20: 1835.196 | W20: 280.223 | X20: =V20*($F20)*(1/$D20)*(1/$U20)*(1/$I20)*(12)*(1/(T20*24)) -> 3.7616651 | Y20: =V20*($F20)*(1/$D20)*(1/$U20)*(1/$I20)*(12) -> 46.95812 | Z20: 44448.59 | AA20: 44449.688 | AB20: =(AA20-Z20) -> 1.0986111 | AC20: 278.97625 | AD20: 1011.418 | AE20: 77.125 | AF20: =AD20*($F20)*(1/$D20)*(1/$AC20)*(1/$I20)*(12)*(1/(AB20*24)) -> 0.96806826 | AG20: =AD20*($F20)*(1/$D20)*(1/$AC20)*(1/$I20)*(12) -> 25.524733 | AH20: 44449.733 | AI20: 44451.851 | AJ20: =(AI20-AH20) -> 2.1173611 | AK20: 275.30392 | AL20: 801.432 | AM20: 15.17 | AN20: =AL20*($F20)*(1/$D20)*(1/$AK20)*(1/$I20)*(12)*(1/(AJ20*24)) -> 0.4033164 | AO20: =AL20*($F20)*(1/$D20)*(1/$AK20)*(1/$I20)*(12) -> 20.495195 | AP20: 44451.903 | AQ20: 44453.755 | AR20: =(AQ20-AP20) -> 1.8513889 | AS20: 275.34575 | AT20: 623.69 | AU20: 0.02 | AV20: =AT20*($F20)*(1/$D20)*(1/$AS20)*(1/$I20)*(12)*(1/(AR20*24)) -> 0.3589048 | AW20: =AT20*($F20)*(1/$D20)*(1/$AS20)*(1/$I20)*(12) -> 15.947337 | AX20: 44453.801 | AY20: 44456.64 | AZ20: =(AY20-AX20) -> 2.8381944 | BA20: 275.28258 | BB20: 555.313 | BC20: 8.701 | BD20: =BB20*($F20)*(1/$D20)*(1/$BA20)*(1/$I20)*(12)*(1/(AZ20*24)) -> 0.20849876 | BE20: =BB20*($F20)*(1/$D20)*(1/$BA20)*(1/$I20)*(12) -> 14.202241 | BF20: 44456.655 | BG20: 44459.82 | BH20: =(BG20-BF20) -> 3.1652778 | BI20: 274.02612 | BJ20: 605.71 | BK20: 1.969 | BL20: =BJ20*($F20)*(1/$D20)*(1/$BI20)*(1/$I20)*(12)*(1/(BH20*24)) -> 0.20485542 | BM20: =BJ20*($F20)*(1/$D20)*(1/$BI20)*(1/$I20)*(12) -> 15.562184 | BN20: 44459.831 | BO20: 44461.508 | BP20: =(BO20-BN20) -> 1.6770833 | BQ20: 276.14042 | BR20: 342.402 | BS20: 4.498 | BT20: =BR20*($F20)*(1/$D20)*(1/$BQ20)*(1/$I20)*(12)*(1/(BP20*24)) -> 0.21688933 | BU20: =BR20*($F20)*(1/$D20)*(1/$BQ20)*(1/$I20)*(12) -> 8.7297957 | BV20: 44461.68 | BW20: 44466.579 | BX20: =(BW20-BV20) -> 4.8993056 | BY20: 276.28675 | BZ20: 615.321 | CA20: 5.519 | CB20: =BZ20*($F20)*(1/$D20)*(1/$BY20)*(1/$I20)*(12)*(1/(BX20*24)) -> 0.1333502 | CC20: =BZ20*($F20)*(1/$D20)*(1/$BY20)*(1/$I20)*(12) -> 15.679761 | CD20: 44466.628 | CE20: 44473.592 | CF20: =(CE20-CD20) -> 6.9638889 | CG20: 276.30758 | CH20: 786.97 | CI20: 3.506 | CJ20: =CH20*($F20)*(1/$D20)*(1/$CG20)*(1/$I20)*(12)*(1/(CF20*24)) -> 0.11997757 | CK20: =CH20*($F20)*(1/$D20)*(1/$CG20)*(1/$I20)*(12) -> 20.052251 | CL20: 44473.633 | CM20: 44477.672 | CN20: =(CM20-CL20) -> 4.0388889 | CO20: 276.45387 | CP20: 447.836 | CQ20: 0.802 | CR20: =CP20*($F20)*(1/$D20)*(1/$CO20)*(1/$I20)*(12)*(1/(CN20*24)) -> 0.11765786 | CS20: =CP20*($F20)*(1/$D20)*(1/$CO20)*(1/$I20)*(12) -> 11.404968 | CT20: 44477.722 | CU20: 44483.691 | CV20: =(CU20-CT20) -> 5.96875 | CW20: 277.06033 | CX20: 711.237 | CY20: 0.805 | CZ20: =CX20*($F20)*(1/$D20)*(1/$CW20)*(1/$I20)*(12)*(1/(CV20*24)) -> 0.12616623 | DA20: =CX20*($F20)*(1/$D20)*(1/$CW20)*(1/$I20)*(12) -> 18.073312 | DB20: 44483.719 | DC20: 44491.631 | DD20: =(DC20-DB20) -> 7.9118056 | DE20: 277.2485 | DF20: 1059.451 | DG20: 0.557 | DH20: =DF20*($F20)*(1/$D20)*(1/$DE20)*(1/$I20)*(12)*(1/(DD20*24)) -> 0.14168458 | DI20: =DF20*($F20)*(1/$D20)*(1/$DE20)*(1/$I20)*(12) -> 26.90354 | DJ20: 44491.651 | DK20: 44498.668 | DL20: =(DK20-DJ20) -> 7.0173611 | DM20: 276.97687 | DN20: 4218.114 | DO20: 0.468 | DP20: =DN20*($F20)*(1/$D20)*(1/$DM20)*(1/$I20)*(12)*(1/(DL20*24)) -> 0.63663058 | DQ20: =DN20*($F20)*(1/$D20)*(1/$DM20)*(1/$I20)*(12) -> 107.2192 | DR20: 44498.686 | DS20: 44505.631 | DT20: =(DS20-DR20) -> 6.9451389 | DU20: 276.60067 | DV20: 4687.072 | DW20: 0.325 | DX20: =DV20*($F20)*(1/$D20)*(1/$DU20)*(1/$I20)*(12)*(1/(DT20*24)) -> 0.71573786 | DY20: =DV20*($F20)*(1/$D20)*(1/$DU20)*(1/$I20)*(12) -> 119.30157 | DZ20: 44505.647 | EA20: 44512.624 | EB20: =(EA20-DZ20) -> 6.9763889 | EC20: 277.08092 | ED20: 6407.055 | EE20: 0.309 | EF20: =ED20*($F20)*(1/$D20)*(1/$EC20)*(1/$I20)*(12)*(1/(EB20*24)) -> 0.97231654 | EG20: =ED20*($F20)*(1/$D20)*(1/$EC20)*(1/$I20)*(12) -> 162.7982 | EH20: 44512.676 | EI20: 44521.7 | EJ20: =(EI20-EH20) -> 9.0236111 | EK20: 276.87229 | EL20: 5435.283 | EM20: 0.43 | EN20: =EL20*($F20)*(1/$D20)*(1/$EK20)*(1/$I20)*(12)*(1/(EJ20*24)) -> 0.63818827 | EO20: =EL20*($F20)*(1/$D20)*(1/$EK20)*(1/$I20)*(12) -> 138.21031 | EP20: 44521.733 | EQ20: 44530.617 | ER20: =(EQ20-EP20) -> 8.8840278 | ES20: 276.6425 | ET20: 3933.819 | EU20: 0.682 | EV20: =ET20*($F20)*(1/$D20)*(1/$ES20)*(1/$I20)*(12)*(1/(ER20*24)) -> 0.46953945 | EW20: =ET20*($F20)*(1/$D20)*(1/$ES20)*(1/$I20)*(12) -> 100.11364 | EX20: 44530.722 | EY20: 44539.647 | EZ20: =(EY20-EX20) -> 8.9256944 | FA20: 276.01467 | FB20: 2844.776 | FC20: 0.361 | FD20: =FB20*($F20)*(1/$D20)*(1/$FA20)*(1/$I20)*(12)*(1/(EZ20*24)) -> 0.33873527 | FE20: =FB20*($F20)*(1/$D20)*(1/$FA20)*(1/$I20)*(12) -> 72.562741 | FF20: 44539.674 | FG20: 44543.58 | FH20: =(FG20-FF20) -> 3.9055556 | FI20: 276.789 | FJ20: 1444.354 | FK20: 0.149 | FL20: =FJ20*($F20)*(1/$D20)*(1/$FI20)*(1/$I20)*(12)*(1/(FH20*24)) -> 0.39194806 | FM20: =FJ20*($F20)*(1/$D20)*(1/$FI20)*(1/$I20)*(12) -> 36.738598
A21: BEO 1 REP 7 H2 | B21: 473.176 | C21: =Vol_soil_calc!L20 -> 26.53162 | D21: 0.082057366 | E21: 275.15 | F21: =(B21-C21)/1000 -> 0.44664438 | G21: 2.862 | H21: 30.202 | I21: =H21/(G21+1) -> 7.8203004 | J21: 44447.912 | K21: 44447.949 | L21: =(K21-J21) -> 0.036805556 | M21: 275.15 | N21: 353.165 | O21: 47.594 | P21: =N21*($F21)*(1/$D21)*(1/$M21)*(1/$I21)*(12)*(1/(L21*24)) -> 12.136281 | Q21: =N21*($F21)*(1/$D21)*(1/$M21)*(1/$I21)*(12) -> 10.720382 | S21: 0.52430556 | T21: =(S21-R21) -> 0.52430556 | U21: 275.15 | V21: 2035.36 | W21: 354.65 | X21: =V21*($F21)*(1/$D21)*(1/$U21)*(1/$I21)*(12)*(1/(T21*24)) -> 4.909962 | Y21: =V21*($F21)*(1/$D21)*(1/$U21)*(1/$I21)*(12) -> 61.783688 | Z21: 44448.59 | AA21: 44449.693 | AB21: =(AA21-Z21) -> 1.1034722 | AC21: 278.97625 | AD21: 741.12 | AE21: 25.024 | AF21: =AD21*($F21)*(1/$D21)*(1/$AC21)*(1/$I21)*(12)*(1/(AB21*24)) -> 0.83782009 | AG21: =AD21*($F21)*(1/$D21)*(1/$AC21)*(1/$I21)*(12) -> 22.188269 | AH21: 44449.726 | AI21: 44451.856 | AJ21: =(AI21-AH21) -> 2.1298611 | AK21: 275.30392 | AL21: 676.378 | AM21: 2.96 | AN21: =AL21*($F21)*(1/$D21)*(1/$AK21)*(1/$I21)*(12)*(1/(AJ21*24)) -> 0.40143633 | AO21: =AL21*($F21)*(1/$D21)*(1/$AK21)*(1/$I21)*(12) -> 20.520087 | AP21: 44451.903 | AQ21: 44453.76 | AR21: =(AQ21-AP21) -> 1.8569444 | AS21: 275.34575 | AT21: 437.911 | AU21: 0.05 | AV21: =AT21*($F21)*(1/$D21)*(1/$AS21)*(1/$I21)*(12)*(1/(AR21*24)) -> 0.29805708 | AW21: =AT21*($F21)*(1/$D21)*(1/$AS21)*(1/$I21)*(12) -> 13.28341 | AX21: 44453.801 | AY21: 44456.631 | AZ21: =(AY21-AX21) -> 2.8298611 | BA21: 275.28258 | BB21: 533.071 | BC21: 1.45 | BD21: =BB21*($F21)*(1/$D21)*(1/$BA21)*(1/$I21)*(12)*(1/(AZ21*24)) -> 0.23813985 | BE21: =BB21*($F21)*(1/$D21)*(1/$BA21)*(1/$I21)*(12) -> 16.173665 | BF21: 44456.655 | BG21: 44459.698 | BH21: =(BG21-BF21) -> 3.0430556 | BI21: 274.02612 | BJ21: 246.736 | BK21: 0.443 | BL21: =BJ21*($F21)*(1/$D21)*(1/$BI21)*(1/$I21)*(12)*(1/(BH21*24)) -> 0.10297257 | BM21: =BJ21*($F21)*(1/$D21)*(1/$BI21)*(1/$I21)*(12) -> 7.5204298 | BN21: 44459.831 | BO21: 44461.669 | BP21: =(BO21-BN21) -> 1.8381944 | BQ21: 276.14042 | BR21: 263.5 | BS21: 0.555 | BT21: =BR21*($F21)*(1/$D21)*(1/$BQ21)*(1/$I21)*(12)*(1/(BP21*24)) -> 0.18065503 | BU21: =BR21*($F21)*(1/$D21)*(1/$BQ21)*(1/$I21)*(12) -> 7.9698979 | BV21: 44461.68 | BW21: 44466.563 | BX21: =(BW21-BV21) -> 4.8833333 | BY21: 276.28675 | BZ21: 515.162 | CA21: 0.781 | CB21: =BZ21*($F21)*(1/$D21)*(1/$BY21)*(1/$I21)*(12)*(1/(BX21*24)) -> 0.13287959 | CC21: =BZ21*($F21)*(1/$D21)*(1/$BY21)*(1/$I21)*(12) -> 15.573487 | CD21: 44466.628 | CE21: 44473.597 | CF21: =(CE21-CD21) -> 6.96875 | CG21: 276.30758 | CH21: 595.019 | CI21: 0.643 | CJ21: =CH21*($F21)*(1/$D21)*(1/$CG21)*(1/$I21)*(12)*(1/(CF21*24)) -> 0.10754099 | CK21: =CH21*($F21)*(1/$D21)*(1/$CG21)*(1/$I21)*(12) -> 17.98623 | CL21: 44473.633 | CM21: 44477.682 | CN21: =(CM21-CL21) -> 4.0486111 | CO21: 276.45387 | CP21: 376.626 | CQ21: 0.286 | CR21: =CP21*($F21)*(1/$D21)*(1/$CO21)*(1/$I21)*(12)*(1/(CN21*24)) -> 0.11710419 | CS21: =CP21*($F21)*(1/$D21)*(1/$CO21)*(1/$I21)*(12) -> 11.378624 | CT21: 44477.722 | CU21: 44483.601 | CV21: =(CU21-CT21) -> 5.8784722 | CW21: 277.06033 | CX21: 412.438 | CY21: 0.346 | CZ21: =CX21*($F21)*(1/$D21)*(1/$CW21)*(1/$I21)*(12)*(1/(CV21*24)) -> 0.088127352 | DA21: =CX21*($F21)*(1/$D21)*(1/$CW21)*(1/$I21)*(12) -> 12.433301 | DB21: 44483.719 | DC21: 44491.626 | DD21: =(DC21-DB21) -> 7.9076389 | DE21: 277.2485 | DF21: 493.736 | DG21: 0.358 | DH21: =DF21*($F21)*(1/$D21)*(1/$DE21)*(1/$I21)*(12)*(1/(DD21*24)) -> 0.07837357 | DI21: =DF21*($F21)*(1/$D21)*(1/$DE21)*(1/$I21)*(12) -> 14.873997 | DJ21: 44491.651 | DK21: 44498.673 | DL21: =(DK21-DJ21) -> 7.0222222 | DM21: 276.97687 | DN21: 454.044 | DO21: 0.279 | DP21: =DN21*($F21)*(1/$D21)*(1/$DM21)*(1/$I21)*(12)*(1/(DL21*24)) -> 0.081240153 | DQ21: =DN21*($F21)*(1/$D21)*(1/$DM21)*(1/$I21)*(12) -> 13.691674 | DR21: 44498.686 | DS21: 44505.622 | DT21: =(DS21-DR21) -> 6.9361111 | DU21: 276.60067 | DV21: 564.436 | DW21: 0.302 | DX21: =DV21*($F21)*(1/$D21)*(1/$DU21)*(1/$I21)*(12)*(1/(DT21*24)) -> 0.10238499 | DY21: =DV21*($F21)*(1/$D21)*(1/$DU21)*(1/$I21)*(12) -> 17.043689 | DZ21: 44505.647 | EA21: 44512.667 | EB21: =(EA21-DZ21) -> 7.0194444 | EC21: 277.08092 | ED21: 712.533 | EE21: 0.227 | EF21: =ED21*($F21)*(1/$D21)*(1/$EC21)*(1/$I21)*(12)*(1/(EB21*24)) -> 0.12749305 | EG21: =ED21*($F21)*(1/$D21)*(1/$EC21)*(1/$I21)*(12) -> 21.478329 | EH21: 44512.676 | EI21: 44521.672 | EJ21: =(EI21-EH21) -> 8.9958333 | EK21: 276.87229 | EL21: 1545.314 | EM21: 0.212 | EN21: =EL21*($F21)*(1/$D21)*(1/$EK21)*(1/$I21)*(12)*(1/(EJ21*24)) -> 0.21591694 | EO21: =EL21*($F21)*(1/$D21)*(1/$EK21)*(1/$I21)*(12) -> 46.616467 | EP21: 44521.733 | EQ21: 44530.61 | ER21: =(EQ21-EP21) -> 8.8777778 | ES21: 276.6425 | ET21: 2835.842 | EU21: 0.219 | EV21: =ET21*($F21)*(1/$D21)*(1/$ES21)*(1/$I21)*(12)*(1/(ER21*24)) -> 0.40183682 | EW21: =ET21*($F21)*(1/$D21)*(1/$ES21)*(1/$I21)*(12) -> 85.618032 | EX21: 44530.722 | EY21: 44539.63 | EZ21: =(EY21-EX21) -> 8.9083333 | FA21: 276.01467 | FB21: 4099.847 | FC21: 0.242 | FD21: =FB21*($F21)*(1/$D21)*(1/$FA21)*(1/$I21)*(12)*(1/(EZ21*24)) -> 0.58026971 | FE21: =FB21*($F21)*(1/$D21)*(1/$FA21)*(1/$I21)*(12) -> 124.06166 | FF21: 44539.674 | FG21: 44543.564 | FH21: =(FG21-FF21) -> 3.8895833 | FI21: 276.789 | FJ21: 1699.712 | FK21: 0.082 | FL21: =FJ21*($F21)*(1/$D21)*(1/$FI21)*(1/$I21)*(12)*(1/(FH21*24)) -> 0.54943245 | FM21: =FJ21*($F21)*(1/$D21)*(1/$FI21)*(1/$I21)*(12) -> 51.289519
... A26: BEO 2B REP 8 H2 | B26: 473.176 | C26: =Vol_soil_calc!L25 -> 27.824863 | D26: 0.082057366 | E26: 275.15 | F26: =(B26-C26)/1000 -> 0.44535114 | G26: 2.053 | H26: 33.503 | I26: =H26/(G26+1) -> 10.973796 | J26: 44447.912 | K26: 44447.976 | L26: =(K26-J26) -> 0.063888889 | M26: 275.15 | N26: 1553.171 | O26: 128.083 | P26: =N26*($F26)*(1/$D26)*(1/$M26)*(1/$I26)*(12)*(1/(L26*24)) -> 21.848545 | Q26: =N26*($F26)*(1/$D26)*(1/$M26)*(1/$I26)*(12) -> 33.501103 | S26: 0.54930556 | T26: =(S26-R26) -> 0.54930556 | U26: 275.15 | V26: 3017.443 | W26: 342.212 | X26: =V26*($F26)*(1/$D26)*(1/$U26)*(1/$I26)*(12)*(1/(T26*24)) -> 4.9368925 | Y26: =V26*($F26)*(1/$D26)*(1/$U26)*(1/$I26)*(12) -> 65.084699 | Z26: 44448.59 | AA26: 44449.713 | AB26: =(AA26-Z26) -> 1.1229167 | AC26: 278.97625 | AD26: 1025.006 | AE26: 24.916 | AF26: =AD26*($F26)*(1/$D26)*(1/$AC26)*(1/$I26)*(12)*(1/(AB26*24)) -> 0.80911407 | AG26: =AD26*($F26)*(1/$D26)*(1/$AC26)*(1/$I26)*(12) -> 21.805624 | AH26: 44449.733 | AI26: 44451.88 | AJ26: =(AI26-AH26) -> 2.1465278 | AK26: 275.30392 | AL26: 722.949 | AM26: 4.6 | AN26: =AL26*($F26)*(1/$D26)*(1/$AK26)*(1/$I26)*(12)*(1/(AJ26*24)) -> 0.30252193 | AO26: =AL26*($F26)*(1/$D26)*(1/$AK26)*(1/$I26)*(12) -> 15.584921 | AP26: 44451.895 | AQ26: 44453.781 | AR26: =(AQ26-AP26) -> 1.8861111 | AS26: 275.34575 | AT26: 517.504 | AU26: 0.03 | AV26: =AT26*($F26)*(1/$D26)*(1/$AS26)*(1/$I26)*(12)*(1/(AR26*24)) -> 0.24641445 | AW26: =AT26*($F26)*(1/$D26)*(1/$AS26)*(1/$I26)*(12) -> 11.154361 | AX26: 44453.801 | AY26: 44456.605 | AZ26: =(AY26-AX26) -> 2.8034722 | BA26: 275.28258 | BB26: 488.054 | BC26: 1.7 | BD26: =BB26*($F26)*(1/$D26)*(1/$BA26)*(1/$I26)*(12)*(1/(AZ26*24)) -> 0.15638352 | BE26: =BB26*($F26)*(1/$D26)*(1/$BA26)*(1/$I26)*(12) -> 10.522005 | BF26: 44456.655 | BG26: 44459.665 | BH26: =(BG26-BF26) -> 3.0097222 | BI26: 274.02612 | BJ26: 202.049 | BK26: 0.411 | BL26: =BJ26*($F26)*(1/$D26)*(1/$BI26)*(1/$I26)*(12)*(1/(BH26*24)) -> 0.060580998 | BM26: =BJ26*($F26)*(1/$D26)*(1/$BI26)*(1/$I26)*(12) -> 4.3759674 | BN26: 44459.831 | BO26: 44461.651 | BP26: =(BO26-BN26) -> 1.8194444 | BQ26: 276.14042 | BR26: 291.67 | BS26: 0.741 | BT26: =BR26*($F26)*(1/$D26)*(1/$BQ26)*(1/$I26)*(12)*(1/(BP26*24)) -> 0.14355591 | BU26: =BR26*($F26)*(1/$D26)*(1/$BQ26)*(1/$I26)*(12) -> 6.2686083 | BV26: 44461.68 | BW26: 44466.588 | BX26: =(BW26-BV26) -> 4.9076389 | BY26: 276.28675 | BZ26: 451.512 | CA26: 1.89 | CB26: =BZ26*($F26)*(1/$D26)*(1/$BY26)*(1/$I26)*(12)*(1/(BX26*24)) -> 0.082344528 | CC26: =BZ26*($F26)*(1/$D26)*(1/$BY26)*(1/$I26)*(12) -> 9.698813 | CD26: 44466.628 | CE26: 44473.622 | CF26: =(CE26-CD26) -> 6.9944444 | CG26: 276.30758 | CH26: 1609.322 | CI26: 1.03 | CJ26: =CH26*($F26)*(1/$D26)*(1/$CG26)*(1/$I26)*(12)*(1/(CF26*24)) -> 0.20591834 | CK26: =CH26*($F26)*(1/$D26)*(1/$CG26)*(1/$I26)*(12) -> 34.566825 | CL26: 44473.633 | CM26: 44477.634 | CN26: =(CM26-CL26) -> 4.0006944 | CO26: 276.45387 | CP26: 2008.316 | CQ26: 0.324 | CR26: =CP26*($F26)*(1/$D26)*(1/$CO26)*(1/$I26)*(12)*(1/(CN26*24)) -> 0.44902662 | CS26: =CP26*($F26)*(1/$D26)*(1/$CO26)*(1/$I26)*(12) -> 43.114039 | CT26: 44477.722 | CU26: 44483.569 | CV26: =(CU26-CT26) -> 5.8472222 | CW26: 277.06033 | CX26: 3053.008 | CY26: 0.361 | CZ26: =CX26*($F26)*(1/$D26)*(1/$CW26)*(1/$I26)*(12)*(1/(CV26*24)) -> 0.46601736 | DA26: =CX26*($F26)*(1/$D26)*(1/$CW26)*(1/$I26)*(12) -> 65.397769 | DB26: 44483.719 | DC26: 44491.599 | DD26: =(DC26-DB26) -> 7.8798611 | DE26: 277.2485 | DF26: 2956.273 | DG26: 0.345 | DH26: =DF26*($F26)*(1/$D26)*(1/$DE26)*(1/$I26)*(12)*(1/(DD26*24)) -> 0.33462229 | DI26: =DF26*($F26)*(1/$D26)*(1/$DE26)*(1/$I26)*(12) -> 63.282653 | DJ26: 44491.651 | DK26: 44498.645 | DL26: =(DK26-DJ26) -> 6.9944444 | DM26: 276.97687 | DN26: 2024.817 | DO26: 0.254 | DP26: =DN26*($F26)*(1/$D26)*(1/$DM26)*(1/$I26)*(12)*(1/(DL26*24)) -> 0.25845631 | DQ26: =DN26*($F26)*(1/$D26)*(1/$DM26)*(1/$I26)*(12) -> 43.3862 | DR26: 44498.686 | DS26: 44505.606 | DT26: =(DS26-DR26) -> 6.9194444 | DU26: 276.60067 | DV26: 1713.861 | DW26: 0.225 | DX26: =DV26*($F26)*(1/$D26)*(1/$DU26)*(1/$I26)*(12)*(1/(DT26*24)) -> 0.22143652 | DY26: =DV26*($F26)*(1/$D26)*(1/$DU26)*(1/$I26)*(12) -> 36.773225 | DZ26: 44505.647 | EA26: 44512.649 | EB26: =(EA26-DZ26) -> 7.0013889 | EC26: 277.08092 | ED26: 1708.113 | EE26: 0.195 | EF26: =ED26*($F26)*(1/$D26)*(1/$EC26)*(1/$I26)*(12)*(1/(EB26*24)) -> 0.21773281 | EG26: =ED26*($F26)*(1/$D26)*(1/$EC26)*(1/$I26)*(12) -> 36.586371 | EH26: 44512.676 | EI26: 44521.699 | EJ26: =(EI26-EH26) -> 9.0229167 | EK26: 276.87229 | EL26: 2220.056 | EM26: 0.234 | EN26: =EL26*($F26)*(1/$D26)*(1/$EK26)*(1/$I26)*(12)*(1/(EJ26*24)) -> 0.21975339 | EO26: =EL26*($F26)*(1/$D26)*(1/$EK26)*(1/$I26)*(12) -> 47.587598 | EP26: 44521.733 | EQ26: 44530.603 | ER26: =(EQ26-EP26) -> 8.8708333 | ES26: 276.6425 | ET26: 2012.156 | EU26: 0.188 | EV26: =ET26*($F26)*(1/$D26)*(1/$ES26)*(1/$I26)*(12)*(1/(ER26*24)) -> 0.20275727 | EW26: =ET26*($F26)*(1/$D26)*(1/$ES26)*(1/$I26)*(12) -> 43.167022 | EX26: 44530.722 | EY26: 44539.625 | EZ26: =(EY26-EX26) -> 8.9034722 | FA26: 276.01467 | FB26: 2028.721 | FC26: 0.185 | FD26: =FB26*($F26)*(1/$D26)*(1/$FA26)*(1/$I26)*(12)*(1/(EZ26*24)) -> 0.20414035 | FE26: =FB26*($F26)*(1/$D26)*(1/$FA26)*(1/$I26)*(12) -> 43.621391 | FF26: 44539.674 | FG26: 44543.56 | FH26: =(FG26-FF26) -> 3.8854167 | FI26: 276.789 | FJ26: 904.227 | FK26: 0.082 | FL26: =FJ26*($F26)*(1/$D26)*(1/$FI26)*(1/$I26)*(12)*(1/(FH26*24)) -> 0.20791659 | FM26: =FJ26*($F26)*(1/$D26)*(1/$FI26)*(1/$I26)*(12) -> 19.388222

Sheet Vol_soil_calc
A1: Sample ID | B1: Jar volume (mL) | D1: rate constant R (L atm/K mol) | E1: Incubation temp (K) | F1: vol headspace (L) | G1: GWC | H1: mass wet soil in jar (g) | I1: mass dry soil in jar (g) | J1: OM % | K1: g water | L1: vol soil (g/cm3) | M1: vol water (g/cm3) | N1: vol mineral (g/cm3) | O1: vol OM (g/cm3) | P1: g OM | Q1: g mineral
A2: AT 3 REP 5 H2 | B2: 473.176 | D2: 0.082057366 | E2: 275.15 | F2: =(B2-C2)/1000 -> 0.473176 | G2: =[1]incubation_physical_chemical!$I$2 -> 0.542 | H2: 40.046 | I2: =H2/(G2+1) -> 25.970169 | J2: =TC!$C$2 -> 6.2183908 | K2: =H2-I2 -> 14.075831 | L2: =SUM(M2, N2, O2) -> 24.308555 | M2: =K2/1 -> 14.075831 | N2: =Q2/2.66 -> 9.156106 | O2: =P2/1.5 -> 1.0766177 | P2: =(J2*I2)/100 -> 1.6149266 | Q2: =I2-P2 -> 24.355242
A3: AT 3 REP 6 H2 | B3: 473.176 | D3: 0.082057366 | E3: 275.15 | F3: =(B3-C3)/1000 -> 0.473176 | G3: =[1]incubation_physical_chemical!$I$3 -> 0.934 | H3: 38.781 | I3: =H3/(G3+1) -> 20.052223 | J3: =TC!$C$2 -> 6.2183908 | K3: =H3-I3 -> 18.728777 | L3: =SUM(M3, N3, O3) -> 26.629721 | M3: =K3/1 -> 18.728777 | N3: =Q3/2.66 -> 7.0696608 | O3: =P3/1.5 -> 0.83128374 | P3: =(J3*I3)/100 -> 1.2469256 | Q3: =I3-P3 -> 18.805298
A4: AT 3 REP 7 H2 | B4: 473.176 | D4: 0.082057366 | E4: 275.15 | F4: =(B4-C4)/1000 -> 0.473176 | G4: =[1]incubation_physical_chemical!$I$4 -> 0.814 | H4: 34.037 | I4: =H4/(G4+1) -> 18.763506 | J4: =TC!$C$2 -> 6.2183908 | K4: =H4-I4 -> 15.273494 | L4: =SUM(M4, N4, O4) -> 22.66666 | M4: =K4/1 -> 15.273494 | N4: =Q4/2.66 -> 6.6153075 | O4: =P4/1.5 -> 0.77785876 | P4: =(J4*I4)/100 -> 1.1667881 | Q4: =I4-P4 -> 17.596718
A5: AT 3 REP 8 H2 | B5: 473.176 | D5: 0.082057366 | E5: 275.15 | F5: =(B5-C5)/1000 -> 0.473176 | G5: {=[1]incubation_physical_chemical!$I$5:$I$25} -> 0.365 | H5: 35.708 | I5: =H5/(G5+1) -> 26.159707 | J5: =TC!$C$2 -> 6.2183908 | K5: =H5-I5 -> 9.548293 | L5: =SUM(M5, N5, O5) -> 19.855698 | M5: =K5/1 -> 9.548293 | N5: =Q5/2.66 -> 9.2229301 | O5: =P5/1.5 -> 1.0844752 | P5: =(J5*I5)/100 -> 1.6267128 | Q5: =I5-P5 -> 24.532994
A6: AT 4 REP 5 H2 | B6: 473.176 | D6: 0.082057366 | E6: 275.15 | F6: =(B6-C6)/1000 -> 0.473176 | G6: 0.441 | H6: 37.253 | I6: =H6/(G6+1) -> 25.852186 | J6: =TC!$C$3 -> 3.1609195 | K6: =H6-I6 -> 11.400814 | L6: =SUM(M6, N6, O6) -> 21.357253 | M6: =K6/1 -> 11.400814 | N6: =Q6/2.66 -> 9.4116613 | O6: =P6/1.5 -> 0.54477787 | P6: =(J6*I6)/100 -> 0.8171668 | Q6: =I6-P6 -> 25.035019
A7: AT 4 REP 6 H2 | B7: 473.176 | D7: 0.082057366 | E7: 275.15 | F7: =(B7-C7)/1000 -> 0.473176 | G7: 0.271 | H7: 34.708 | I7: =H7/(G7+1) -> 27.307632 | J7: =TC!$C$3 -> 3.1609195 | K7: =H7-I7 -> 7.4003682 | L7: =SUM(M7, N7, O7) -> 17.917343 | M7: =K7/1 -> 7.4003682 | N7: =Q7/2.66 -> 9.9415261 | O7: =P7/1.5 -> 0.57544818 | P7: =(J7*I7)/100 -> 0.86317227 | Q7: =I7-P7 -> 26.44446
A8: AT 4 REP 7 H2 | B8: 473.176 | D8: 0.082057366 | E8: 275.15 | F8: =(B8-C8)/1000 -> 0.473176 | G8: 0.205 | H8: 29.508 | I8: =H8/(G8+1) -> 24.487967 | J8: =TC!$C$3 -> 3.1609195 | K8: =H8-I8 -> 5.0200332 | L8: =SUM(M8, N8, O8) -> 14.451071 | M8: =K8/1 -> 5.0200332 | N8: =Q8/2.66 -> 8.9150082 | O8: =P8/1.5 -> 0.51602995 | P8: =(J8*I8)/100 -> 0.77404493 | Q8: =I8-P8 -> 23.713922
A9: AT 4 REP 8 H2 | B9: 473.176 | D9: 0.082057366 | E9: 275.15 | F9: =(B9-C9)/1000 -> 0.473176 | G9: 0.28 | H9: 33.095 | I9: =H9/(G9+1) -> 25.855469 | J9: =TC!$C$3 -> 3.1609195 | K9: =H9-I9 -> 7.2395313 | L9: =SUM(M9, N9, O9) -> 17.197235 | M9: =K9/1 -> 7.2395313 | N9: =Q9/2.66 -> 9.4128565 | O9: =P9/1.5 -> 0.54484704 | P9: =(J9*I9)/100 -> 0.81727056 | Q9: =I9-P9 -> 25.038198
A10: FL1C4 REP 5 H2 | B10: 473.176 | D10: 0.082057366 | E10: 275.15 | F10: =(B10-C10)/1000 -> 0.473176 | G10: 3.316 | H10: 30.701 | I10: =H10/(G10+1) -> 7.1132994 | J10: =TC!$C$4 -> 65.327586 | K10: =H10-I10 -> 23.587701 | L10: =SUM(M10, N10, O10) -> 27.612865 | M10: =K10/1 -> 23.587701 | N10: =Q10/2.66 -> 0.92720022 | O10: =P10/1.5 -> 3.0979645 | P10: =(J10*I10)/100 -> 4.6469468 | Q10: =I10-P10 -> 2.4663526
A11: FL1C4 REP 6 H2 | B11: 473.176 | D11: 0.082057366 | E11: 275.15 | F11: =(B11-C11)/1000 -> 0.473176 | G11: 3.634 | H11: 29.484 | I11: =H11/(G11+1) -> 6.3625378 | J11: =TC!$C$4 -> 65.327586 | K11: =H11-I11 -> 23.121462 | L11: =SUM(M11, N11, O11) -> 26.721798 | M11: =K11/1 -> 23.121462 | N11: =Q11/2.66 -> 0.82934038 | O11: =P11/1.5 -> 2.7709949 | P11: =(J11*I11)/100 -> 4.1564923 | Q11: =I11-P11 -> 2.2060454
A12: FL1C4 REP 7 H2 | B12: 473.176 | D12: 0.082057366 | E12: 275.15 | F12: =(B12-C12)/1000 -> 0.473176 | G12: 3.315 | H12: 32.073 | I12: =H12/(G12+1) -> 7.4329085 | J12: =TC!$C$4 -> 65.327586 | K12: =H12-I12 -> 24.640092 | L12: =SUM(M12, N12, O12) -> 28.846112 | M12: =K12/1 -> 24.640092 | N12: =Q12/2.66 -> 0.96886044 | O12: =P12/1.5 -> 3.2371598 | P12: =(J12*I12)/100 -> 4.8557397 | Q12: =I12-P12 -> 2.5771688
A13: FL1C4 REP 8 H2 | B13: 473.176 | D13: 0.082057366 | E13: 275.15 | F13: =(B13-C13)/1000 -> 0.473176 | G13: 4.024 | H13: 35.269 | I13: =H13/(G13+1) -> 7.0201035 | J13: =TC!$C$4 -> 65.327586 | K13: =H13-I13 -> 28.248896 | L13: =SUM(M13, N13, O13) -> 32.221325 | M13: =K13/1 -> 28.248896 | N13: =Q13/2.66 -> 0.91505238 | O13: =P13/1.5 -> 3.0573761 | P13: =(J13*I13)/100 -> 4.5860642 | Q13: =I13-P13 -> 2.4340393
A14: FL2C3 REP 5 H2 | B14: 473.176 | D14: 0.082057366 | E14: 275.15 | F14: =(B14-C14)/1000 -> 0.473176 | G14: 3.01 | H14: 23.893 | I14: =H14/(G14+1) -> 5.9583541 | J14: =TC!$C$5 -> 68.298851 | K14: =H14-I14 -> 17.934646 | L14: =SUM(M14, N14, O14) -> 21.357738 | M14: =K14/1 -> 17.934646 | N14: =Q14/2.66 -> 0.71010028 | O14: =P14/1.5 -> 2.7129916 | P14: =(J14*I14)/100 -> 4.0694874 | Q14: =I14-P14 -> 1.8888667
A15: FL2C3 REP 6 H2 | B15: 473.176 | D15: 0.082057366 | E15: 275.15 | F15: =(B15-C15)/1000 -> 0.473176 | G15: 3.076 | H15: 21.977 | I15: =H15/(G15+1) -> 5.3918057 | J15: =TC!$C$5 -> 68.298851 | K15: =H15-I15 -> 16.585194 | L15: =SUM(M15, N15, O15) -> 19.682802 | M15: =K15/1 -> 16.585194 | N15: =Q15/2.66 -> 0.64258059 | O15: =P15/1.5 -> 2.4550275 | P15: =(J15*I15)/100 -> 3.6825413 | Q15: =I15-P15 -> 1.7092644
A16: FL2C3 REP 7 H2 | B16: 473.176 | D16: 0.082057366 | E16: 275.15 | F16: =(B16-C16)/1000 -> 0.473176 | G16: 3.305 | H16: 23.056 | I16: =H16/(G16+1) -> 5.355633 | J16: =TC!$C$5 -> 68.298851 | K16: =H16-I16 -> 17.700367 | L16: =SUM(M16, N16, O16) -> 20.777194 | M16: =K16/1 -> 17.700367 | N16: =Q16/2.66 -> 0.63826963 | O16: =P16/1.5 -> 2.4385572 | P16: =(J16*I16)/100 -> 3.6578358 | Q16: =I16-P16 -> 1.6977972
A17: FL2C3 REP 8 H2 | B17: 473.176 | D17: 0.082057366 | E17: 275.15 | F17: =(B17-C17)/1000 -> 0.473176 | G17: 0.34 | H17: 12.154 | I17: =H17/(G17+1) -> 9.0701493 | J17: =TC!$C$5 -> 68.298851 | K17: =H17-I17 -> 3.0838507 | L17: =SUM(M17, N17, O17) -> 8.294678 | M17: =K17/1 -> 3.0838507 | N17: =Q17/2.66 -> 1.0809555 | O17: =P17/1.5 -> 4.1298718 | P17: =(J17*I17)/100 -> 6.1948077 | Q17: =I17-P17 -> 2.8753416
A18: BEO 1 REP 5 H2 | B18: 473.176 | D18: 0.082057366 | E18: 275.15 | F18: =(B18-C18)/1000 -> 0.473176 | G18: 2.93 | H18: 35.007 | I18: =H18/(G18+1) -> 8.9076336 | J18: =TC!$C$6 -> 53.218391 | K18: =H18-I18 -> 26.099366 | L18: =SUM(M18, N18, O18) -> 30.826291 | M18: =K18/1 -> 26.099366 | N18: =Q18/2.66 -> 1.5665919 | O18: =P18/1.5 -> 3.1603328 | P18: =(J18*I18)/100 -> 4.7404993 | Q18: =I18-P18 -> 4.1671343
A19: BEO 1 REP 6 H2 | B19: 473.176 | D19: 0.082057366 | E19: 275.15 | F19: =(B19-C19)/1000 -> 0.473176 | G19: 2.358 | H19: 31.136 | I19: =H19/(G19+1) -> 9.2721858 | J19: =TC!$C$6 -> 53.218391 | K19: =H19-I19 -> 21.863814 | L19: =SUM(M19, N19, O19) -> 26.784192 | M19: =K19/1 -> 21.863814 | N19: =Q19/2.66 -> 1.6307059 | O19: =P19/1.5 -> 3.2896721 | P19: =(J19*I19)/100 -> 4.9345081 | Q19: =I19-P19 -> 4.3376777
A20: BEO 1 REP 7 H2 | B20: 473.176 | D20: 0.082057366 | E20: 275.15 | F20: =(B20-C20)/1000 -> 0.473176 | G20: 2.862 | H20: 30.202 | I20: =H20/(G20+1) -> 7.8203004 | J20: =TC!$C$6 -> 53.218391 | K20: =H20-I20 -> 22.3817 | L20: =SUM(M20, N20, O20) -> 26.53162 | M20: =K20/1 -> 22.3817 | N20: =Q20/2.66 -> 1.3753618 | O20: =P20/1.5 -> 2.7745587 | P20: =(J20*I20)/100 -> 4.161838 | Q20: =I20-P20 -> 3.6584624
A21: BEO 1 REP 8 H2 | B21: 473.176 | D21: 0.082057366 | E21: 275.15 | F21: =(B21-C21)/1000 -> 0.473176 | G21: 3.346 | H21: 32.446 | I21: =H21/(G21+1) -> 7.4657156 | J21: =TC!$C$6 -> 53.218391 | K21: =H21-I21 -> 24.980284 | L21: =SUM(M21, N21, O21) -> 28.942041 | M21: =K21/1 -> 24.980284 | N21: =Q21/2.66 -> 1.3130007 | O21: =P21/1.5 -> 2.6487558 | P21: =(J21*I21)/100 -> 3.9731337 | Q21: =I21-P21 -> 3.4925819
A22: BEO 2B REP 5 H2 | B22: 473.176 | D22: 0.082057366 | E22: 275.15 | F22: =(B22-C22)/1000 -> 0.473176 | G22: 2.303 | H22: 37.769 | I22: =H22/(G22+1) -> 11.434756 | J22: =TC!$C$7 -> 36.678161 | K22: =H22-I22 -> 26.334244 | L22: =SUM(M22, N22, O22) -> 31.852349 | M22: =K22/1 -> 26.334244 | N22: =Q22/2.66 -> 2.7220669 | O22: =P22/1.5 -> 2.7960389 | P22: =(J22*I22)/100 -> 4.1940583 | Q22: =I22-P22 -> 7.240698
A23: BEO 2B REP 6 H2 | B23: 473.176 | D23: 0.082057366 | E23: 275.15 | F23: =(B23-C23)/1000 -> 0.473176 | G23: 2.951 | H23: 34.043 | I23: =H23/(G23+1) -> 8.6162997 | J23: =TC!$C$7 -> 36.678161 | K23: =H23-I23 -> 25.4267 | L23: =SUM(M23, N23, O23) -> 29.584695 | M23: =K23/1 -> 25.4267 | N23: =Q23/2.66 -> 2.0511276 | O23: =P23/1.5 -> 2.1068668 | P23: =(J23*I23)/100 -> 3.1603003 | Q23: =I23-P23 -> 5.4559994
A24: BEO 2B REP 7 H2 | B24: 473.176 | D24: 0.082057366 | E24: 275.15 | F24: =(B24-C24)/1000 -> 0.473176 | G24: 2.484 | H24: 38.992 | I24: =H24/(G24+1) -> 11.191734 | J24: =TC!$C$7 -> 36.678161 | K24: =H24-I24 -> 27.800266 | L24: =SUM(M24, N24, O24) -> 33.201096 | M24: =K24/1 -> 27.800266 | N24: =Q24/2.66 -> 2.6642149 | O24: =P24/1.5 -> 2.7366147 | P24: =(J24*I24)/100 -> 4.1049221 | Q24: =I24-P24 -> 7.0868116
A25: BEO 2B REP 8 H2 | B25: 473.176 | D25: 0.082057366 | E25: 275.15 | F25: =(B25-C25)/1000 -> 0.473176 | G25: 2.053 | H25: 33.503 | I25: =H25/(G25+1) -> 10.973796 | J25: =TC!$C$7 -> 36.678161 | K25: =H25-I25 -> 22.529204 | L25: =SUM(M25, N25, O25) -> 27.824863 | M25: =K25/1 -> 22.529204 | N25: =Q25/2.66 -> 2.6123344 | O25: =P25/1.5 -> 2.6833244 | P25: =(J25*I25)/100 -> 4.0249867 | Q25: =I25-P25 -> 6.9488096

Sheet TC
A1: Sample_ID | B1: %C | C1: OM% | D1: %C in OM | E1: %OM total
A2: AT3 | B2: 3.6066667 | C2: =(E2*B2)/D2 -> 6.2183908 | D2: 58 | E2: 100
A3: AT4 | B3: 1.8333333 | C3: =(E3*B3)/D3 -> 3.1609195 | D3: 58 | E3: 100
A4: FL1C4 | B4: 37.89 | C4: =(E4*B4)/D4 -> 65.327586 | D4: 58 | E4: 100
A5: FL2C3 | B5: 39.613333 | C5: =(E5*B5)/D5 -> 68.298851 | D5: 58 | E5: 100
A6: BEO1 | B6: 30.866667 | C6: =(E6*B6)/D6 -> 53.218391 | D6: 58 | E6: 100
A7: BEO2B | B7: 21.273333 | C7: =(E7*B7)/D7 -> 36.678161 | D7: 58 | E7: 100

Sheet Per_hour_RATE_Summary
A1: C-CO2 rate (ug C-CO2/g dry soil/h)
A2: Day | B2: 0 | C2: 1 | D2: 2 | E2: 4 | F2: 6 | G2: 9 | H2: 12 | I2: 14 | J2: 19 | K2: 26 | L2: 30 | M2: 36 | N2: 44 | O2: 51 | P2: 58 | Q2: 65 | R2: 74 | S2: 83 | T2: 92 | U2: 96
A3: Sample ID
A4: AT 3 REP 5 H2 | B4: {=Calculations!P3:P26} -> 3.7580741 | C4: {=Calculations!X3:X26} -> 0.73041823 | D4: {=Calculations!AF3:AF26} -> 0.32414063 | E4: {=Calculations!AN3:AN26} -> 0.062360686 | F4: {=Calculations!AV3:AV26} -> 0.056123184 | G4: {=Calculations!BD3:BD26} -> 0.053822534 | H4: {=Calculations!BL3:BL26} -> 0.023921391 | I4: {=Calculations!BT3:BT26} -> 0.055260706 | J4: {=Calculations!CB3:CB26} -> 0.045884426 | K4: {=Calculations!CJ3:CJ26} -> 0.10902639 | L4: {=Calculations!CR3:CR26} -> 0.26133222 | M4: {=Calculations!CZ3:CZ26} -> 0.14296052 | N4: {=Calculations!DH3:DH26} -> 0.10853912 | O4: {=Calculations!DP3:DP26} -> 0.062930813 | P4: {=Calculations!DX3:DX26} -> 0.043630168 | Q4: {=Calculations!EF3:EF26} -> 0.036688184 | R4: {=Calculations!EN3:EN26} -> 0.038851207 | S4: {=Calculations!EV3:EV26} -> 0.034210502 | T4: {=Calculations!FD3:FD26} -> 0.029558175 | U4: {=Calculations!FL3:FL26} -> 0.045704076
A5: AT 3 REP 6 H2 | B5: 4.0863575 | C5: 1.1218163 | D5: 0.41511337 | E5: 0.10527432 | F5: 0.096370622 | G5: 0.060285485 | H5: 0.030010318 | I5: 0.067664382 | J5: 0.043231844 | K5: 0.13515003 | L5: 0.25781806 | M5: 0.16940365 | N5: 0.088107307 | O5: 0.070630405 | P5: 0.059124873 | Q5: 0.060363518 | R5: 0.041384549 | S5: 0.046452205 | T5: 0.046007077 | U5: 0.058124799
A6: AT 3 REP 7 H2 | B6: 3.5403382 | C6: 1.102098 | D6: 0.39134072 | E6: 0.12753663 | F6: 0.091596365 | G6: 0.086690587 | H6: 0.038988507 | I6: 0.078759229 | J6: 0.057765822 | K6: 0.16077995 | L6: 0.24423859 | M6: 0.12992217 | N6: 0.082095388 | O6: 0.064671161 | P6: 0.054879547 | Q6: 0.047355121 | R6: 0.044471673 | S6: 0.04848476 | T6: 0.089856371 | U6: 0.06818018
A7: AT 3 REP 8 H2 | B7: 2.5930899 | C7: 0.51420711 | D7: 0.23756692 | E7: 0.057672974 | F7: 0.04938994 | G7: 0.034455983 | H7: 0.011987654 | I7: 0.038885771 | J7: 0.032670159 | K7: 0.091900122 | L7: 0.13926547 | M7: 0.08853724 | N7: 0.061420606 | O7: 0.05986877 | P7: 0.035492144 | Q7: 0.03194602 | R7: 0.030591504 | S7: 0.02849582 | T7: 0.025254373 | U7: 0.040432452
A8: AT 4 REP 5 H2 | B8: 1.6823175 | C8: 0.38075467 | D8: 0.14625127 | E8: 0.03831472 | F8: 0.028296168 | G8: 0.02415552 | H8: 0.013200911 | I8: 0.025116448 | J8: 0.031050066 | K8: 0.067865602 | L8: 0.11090078 | M8: 0.13244242 | N8: 0.1273259 | O8: 0.071634448 | P8: 0.06263898 | Q8: 0.034786685 | R8: 0.031614246 | S8: 0.031977184 | T8: 0.035110999 | U8: 0.042765852
A9: AT 4 REP 6 H2 | B9: 1.9974848 | C9: 0.44171003 | D9: 0.20065391 | E9: 0.050423496 | F9: 0.046298561 | G9: 0.025116913 | H9: 0.015307835 | I9: 0.025132713 | J9: 0.017580547 | K9: 0.032885073 | L9: 0.081566183 | M9: 0.11533223 | N9: 0.10140044 | O9: 0.073867047 | P9: 0.043824539 | Q9: 0.037743985 | R9: 0.028896884 | S9: 0.032419904 | T9: 0.028974574 | U9: 0.034235616
A10: AT 4 REP 7 H2 | B10: 1.7233525 | C10: 0.39572681 | D10: 0.18441445 | E10: 0.057477552 | F10: 0.03394179 | G10: 0.024947612 | H10: 0.01498472 | I10: 0.025806577 | J10: 0.027094673 | K10: 0.054925595 | L10: 0.10344987 | M10: 0.12237813 | N10: 0.084414671 | O10: 0.052429998 | P10: 0.035308981 | Q10: 0.02349515 | R10: 0.020507698 | S10: 0.021105422 | T10: 0.022327666 | U10: 0.02310224
A11: AT 4 REP 8 H2 | B11: 1.9406283 | C11: 0.56080548 | D11: 0.18783007 | E11: 0.045217096 | F11: 0.046592481 | G11: 0.025313008 | H11: 0.010095358 | I11: 0.027061087 | J11: 0.015968193 | K11: 0.041319385 | L11: 0.088290733 | M11: 0.12290997 | N11: 0.10461349 | O11: 0.063541623 | P11: 0.04312537 | Q11: 0.03050707 | R11: 0.023146057 | S11: 0.021347545 | T11: 0.019179353 | U11: 0.027315257
A12: FL1C4 REP 5 H2 | B12: 3.2109325 | C12: 1.7134097 | D12: 1.4615729 | E12: 0.62743424 | F12: 0.66255592 | G12: 1.2965441 | H12: 0.68174652 | I12: 1.0340116 | J12: 2.5120611 | K12: 1.0915666 | L12: 0.61541757 | M12: 0.38838796 | N12: 0.36916144 | O12: 0.36001821 | P12: 0.47411862 | Q12: 0.47478626 | R12: 0.38567038 | S12: 0.33115676 | T12: 0.29235559 | U12: 0.34941936
A13: FL1C4 REP 6 H2 | B13: 3.2769097 | C13: 1.7368995 | D13: 1.398586 | E13: 0.63149248 | F13: 0.84132791 | G13: 0.67117268 | H13: 0.1757548 | I13: 0.43060028 | J13: 0.29431164 | K13: 0.29071902 | L13: 0.3175572 | M13: 0.28032705 | N13: 0.27352946 | O13: 0.42110326 | P13: 0.51478759 | Q13: 0.4687326 | R13: 0.3168505 | S13: 0.31237408 | T13: 0.28744396 | U13: 0.37750545
A14: FL1C4 REP 7 H2 | B14: 5.9136467 | C14: 1.5469296 | D14: 1.0848921 | E14: 0.69399811 | F14: 0.74895061 | G14: 0.56261791 | H14: 0.23833476 | I14: 0.32752821 | J14: 0.24544302 | K14: 0.25013806 | L14: 0.29676373 | M14: 0.24767452 | N14: 0.27937426 | O14: 0.27798854 | P14: 0.35531838 | Q14: 0.32278182 | R14: 0.3446432 | S14: 0.29418336 | T14: 0.31515296 | U14: 0.3384662
A15: FL1C4 REP 8 H2 | B15: 2.5100192 | C15: 1.5665846 | D15: 1.2823305 | E15: 0.55811 | F15: 0.85647532 | G15: 0.80562727 | H15: 0.23010898 | I15: 0.39192195 | J15: 0.30748013 | K15: 0.30434198 | L15: 0.37056338 | M15: 0.35685066 | N15: 0.29330618 | O15: 0.40476708 | P15: 0.37065462 | Q15: 0.36686612 | R15: 0.34974587 | S15: 0.38153912 | T15: 0.37033791 | U15: 0.6031095
A16: FL2C3 REP 5 H2 | B16: 79.390217 | C16: 2.4089427 | D16: 1.1001465 | E16: 0.72107111 | F16: 0.70520088 | G16: 0.95804127 | H16: 0.29947533 | I16: 0.43085986 | J16: 0.44688328 | K16: 0.49658666 | L16: 0.18896362 | M16: 1.0287645 | N16: 0.84862471 | O16: 0.65756571 | P16: 0.63166196 | Q16: 0.47640234 | R16: 0.51688357 | S16: 0.48249772 | T16: 0.6452522 | U16: 0.6078934
... A20: BEO 1 REP 5 H2 | B20: 10.780231 | C20: 4.9202314 | D20: 1.0592516 | E20: 0.40605942 | F20: 0.23638803 | G20: 0.18146193 | H20: 0.084526512 | I20: 0.17354451 | J20: 0.12435878 | K20: 0.11361402 | L20: 0.1643595 | M20: 0.26052479 | N20: 0.61883265 | O20: 0.56516691 | P20: 0.48918828 | Q20: 0.49777841 | R20: 0.65296901 | S20: 0.6931995 | T20: 0.4182062 | U20: 0.3821119
A21: BEO 1 REP 6 H2 | B21: 11.00081 | C21: 3.7616651 | D21: 0.96806826 | E21: 0.4033164 | F21: 0.3589048 | G21: 0.20849876 | H21: 0.20485542 | I21: 0.21688933 | J21: 0.1333502 | K21: 0.11997757 | L21: 0.11765786 | M21: 0.12616623 | N21: 0.14168458 | O21: 0.63663058 | P21: 0.71573786 | Q21: 0.97231654 | R21: 0.63818827 | S21: 0.46953945 | T21: 0.33873527 | U21: 0.39194806 | AR21: SE | AS21: SE
A22: BEO 1 REP 7 H2 | B22: 12.136281 | C22: 4.909962 | D22: 0.83782009 | E22: 0.40143633 | F22: 0.29805708 | G22: 0.23813985 | H22: 0.10297257 | I22: 0.18065503 | J22: 0.13287959 | K22: 0.10754099 | L22: 0.11710419 | M22: 0.088127352 | N22: 0.07837357 | O22: 0.081240153 | P22: 0.10238499 | Q22: 0.12749305 | R22: 0.21591694 | S22: 0.40183682 | T22: 0.58026971 | U22: 0.54943245 | AR22: =STDEVA(AM4,AM8,AM12,AM16)/SQRT(4) -> #DIV/0! | AS22: =STDEVA(AM21,AM25,AM29,AM33)/SQRT(4) -> #DIV/0!
A23: BEO 1 REP 8 H2 | B23: 11.805498 | C23: 4.849394 | D23: 1.1578948 | E23: 0.42490002 | F23: 0.36984366 | G23: 0.25649768 | H23: 0.11000687 | I23: 0.24179208 | J23: 0.15032406 | K23: 0.13849891 | L23: 0.14640972 | M23: 0.10990838 | N23: 0.088411633 | O23: 0.095484477 | P23: 0.11563349 | Q23: 0.16510782 | R23: 0.29769088 | S23: 0.37606569 | T23: 0.56665783 | U23: 0.52568275 | AR23: =STDEVA(AM5,AM9,AM13,AM17)/SQRT(4) -> #DIV/0! | AS23: =STDEVA(AM22,AM26,AM30,AM34)/SQRT(4) -> #DIV/0!
A24: BEO 2B REP 5 H2 | B24: 10.750093 | C24: 3.1802239 | D24: 0.70992555 | E24: 0.30565187 | F24: 0.27981698 | G24: 0.18584549 | H24: 0.12197551 | I24: 0.24760896 | J24: 0.11097273 | K24: 0.099717407 | L24: 0.24698137 | M24: 0.16868123 | N24: 0.11654498 | O24: 0.097834403 | P24: 0.1048356 | Q24: 0.10934248 | R24: 0.074181344 | S24: 0.077732746 | T24: 0.078938103 | U24: 0.16551494 | AR24: =STDEVA(AM6,AM10,AM14,AM18)/SQRT(4) -> #DIV/0! | AS24: =STDEVA(AM23,AM27,AM31,AM35)/SQRT(4) -> #DIV/0!
A25: BEO 2B REP 6 H2 | B25: 13.434246 | C25: 4.5524418 | D25: 0.88850639 | E25: 0.30307246 | F25: 0.31606058 | G25: 0.21782838 | H25: 0.13040315 | I25: 0.28449064 | J25: 0.15352714 | K25: 0.18364784 | L25: 0.4180031 | M25: 0.30887861 | N25: 0.1441489 | O25: 0.14728358 | P25: 0.13664885 | Q25: 0.12897991 | R25: 0.12240918 | S25: 0.1126774 | T25: 0.10743249 | U25: 0.21741446 | AR25: =STDEVA(AM7,AM11,AM15,AM19)/SQRT(4) -> #DIV/0! | AS25: =STDEVA(AM24,AM28,AM32,AM36)/SQRT(4) -> #DIV/0!
A26: BEO 2B REP 7 H2 | B26: 9.0160941 | C26: 3.4508389 | D26: 0.74021147 | E26: 0.29728985 | F26: 0.28353282 | G26: 0.19311665 | H26: 0.13405131 | I26: 0.24561498 | J26: 0.11076355 | K26: 0.10305216 | L26: 0.21667624 | M26: 0.14357041 | N26: 0.078334245 | O26: 0.089764029 | P26: 0.086751642 | Q26: 0.091400179 | R26: 0.06179565 | S26: 0.061719514 | T26: 0.063075792 | U26: 0.14754943
A27: BEO 2B REP 8 H2 | B27: 21.848545 | C27: 4.9368925 | D27: 0.80911407 | E27: 0.30252193 | F27: 0.24641445 | G27: 0.15638352 | H27: 0.060580998 | I27: 0.14355591 | J27: 0.082344528 | K27: 0.20591834 | L27: 0.44902662 | M27: 0.46601736 | N27: 0.33462229 | O27: 0.25845631 | P27: 0.22143652 | Q27: 0.21773281 | R27: 0.21975339 | S27: 0.20275727 | T27: 0.20414035 | U27: 0.20791659

Sheet Per_hour_RATE_Summary_figs
A1: C-CO2 rate (ug C-CO2/g dry soil/h)
A2: Day | B2: 0 | C2: 1 | D2: 2 | E2: 4 | F2: 6 | G2: 9 | H2: 12 | I2: 14 | J2: 19 | K2: 26 | L2: 30 | M2: 36 | N2: 44 | O2: 51 | P2: 58 | Q2: 65 | R2: 74 | S2: 83 | T2: 92 | U2: 96
A3: Sample ID
A4: AT 3 REP 5 H2 | B4: {=Calculations!P3:P26} -> 3.7580741 | C4: {=Calculations!X3:X26} -> 0.73041823 | D4: {=Calculations!AF3:AF26} -> 0.32414063 | E4: {=Calculations!AN3:AN26} -> 0.062360686 | F4: {=Calculations!AV3:AV26} -> 0.056123184 | G4: {=Calculations!BD3:BD26} -> 0.053822534 | H4: {=Calculations!BL3:BL26} -> 0.023921391 | I4: {=Calculations!BT3:BT26} -> 0.055260706 | J4: {=Calculations!CB3:CB26} -> 0.045884426 | K4: {=Calculations!CJ3:CJ26} -> 0.10902639 | L4: {=Calculations!CR3:CR26} -> 0.26133222 | M4: {=Calculations!CZ3:CZ26} -> 0.14296052 | N4: {=Calculations!DH3:DH26} -> 0.10853912 | O4: {=Calculations!DP3:DP26} -> 0.062930813 | P4: {=Calculations!DX3:DX26} -> 0.043630168 | Q4: {=Calculations!EF3:EF26} -> 0.036688184 | R4: {=Calculations!EN3:EN26} -> 0.038851207 | S4: {=Calculations!EV3:EV26} -> 0.034210502 | T4: {=Calculations!FD3:FD26} -> 0.029558175 | U4: {=Calculations!FL3:FL26} -> 0.045704076
A5: AT 3 REP 6 H2 | B5: 4.0863575 | C5: 1.1218163 | D5: 0.41511337 | E5: 0.10527432 | F5: 0.096370622 | G5: 0.060285485 | H5: 0.030010318 | I5: 0.067664382 | J5: 0.043231844 | K5: 0.13515003 | L5: 0.25781806 | M5: 0.16940365 | N5: 0.088107307 | O5: 0.070630405 | P5: 0.059124873 | Q5: 0.060363518 | R5: 0.041384549 | S5: 0.046452205 | T5: 0.046007077 | U5: 0.058124799
A6: AT 3 REP 7 H2 | B6: 3.5403382 | C6: 1.102098 | D6: 0.39134072 | E6: 0.12753663 | F6: 0.091596365 | G6: 0.086690587 | H6: 0.038988507 | I6: 0.078759229 | J6: 0.057765822 | K6: 0.16077995 | L6: 0.24423859 | M6: 0.12992217 | N6: 0.082095388 | O6: 0.064671161 | P6: 0.054879547 | Q6: 0.047355121 | R6: 0.044471673 | S6: 0.04848476 | T6: 0.089856371 | U6: 0.06818018
A7: AT 3 REP 8 H2 | B7: 2.5930899 | C7: 0.51420711 | D7: 0.23756692 | E7: 0.057672974 | F7: 0.04938994 | G7: 0.034455983 | H7: 0.011987654 | I7: 0.038885771 | J7: 0.032670159 | K7: 0.091900122 | L7: 0.13926547 | M7: 0.08853724 | N7: 0.061420606 | O7: 0.05986877 | P7: 0.035492144 | Q7: 0.03194602 | R7: 0.030591504 | S7: 0.02849582 | T7: 0.025254373 | U7: 0.040432452
A8: AT 4 REP 5 H2 | B8: 1.6823175 | C8: 0.38075467 | D8: 0.14625127 | E8: 0.03831472 | F8: 0.028296168 | G8: 0.02415552 | H8: 0.013200911 | I8: 0.025116448 | J8: 0.031050066 | K8: 0.067865602 | L8: 0.11090078 | M8: 0.13244242 | N8: 0.1273259 | O8: 0.071634448 | P8: 0.06263898 | Q8: 0.034786685 | R8: 0.031614246 | S8: 0.031977184 | T8: 0.035110999 | U8: 0.042765852
A9: AT 4 REP 6 H2 | B9: 1.9974848 | C9: 0.44171003 | D9: 0.20065391 | E9: 0.050423496 | F9: 0.046298561 | G9: 0.025116913 | H9: 0.015307835 | I9: 0.025132713 | J9: 0.017580547 | K9: 0.032885073 | L9: 0.081566183 | M9: 0.11533223 | N9: 0.10140044 | O9: 0.073867047 | P9: 0.043824539 | Q9: 0.037743985 | R9: 0.028896884 | S9: 0.032419904 | T9: 0.028974574 | U9: 0.034235616
A10: AT 4 REP 7 H2 | B10: 1.7233525 | C10: 0.39572681 | D10: 0.18441445 | E10: 0.057477552 | F10: 0.03394179 | G10: 0.024947612 | H10: 0.01498472 | I10: 0.025806577 | J10: 0.027094673 | K10: 0.054925595 | L10: 0.10344987 | M10: 0.12237813 | N10: 0.084414671 | O10: 0.052429998 | P10: 0.035308981 | Q10: 0.02349515 | R10: 0.020507698 | S10: 0.021105422 | T10: 0.022327666 | U10: 0.02310224
A11: AT 4 REP 8 H2 | B11: 1.9406283 | C11: 0.56080548 | D11: 0.18783007 | E11: 0.045217096 | F11: 0.046592481 | G11: 0.025313008 | H11: 0.010095358 | I11: 0.027061087 | J11: 0.015968193 | K11: 0.041319385 | L11: 0.088290733 | M11: 0.12290997 | N11: 0.10461349 | O11: 0.063541623 | P11: 0.04312537 | Q11: 0.03050707 | R11: 0.023146057 | S11: 0.021347545 | T11: 0.019179353 | U11: 0.027315257
A12: FL1C4 REP 5 H2 | B12: 3.2109325 | C12: 1.7134097 | D12: 1.4615729 | E12: 0.62743424 | F12: 0.66255592 | G12: 1.2965441 | H12: 0.68174652 | I12: 1.0340116 | J12: 2.5120611 | K12: 1.0915666 | L12: 0.61541757 | M12: 0.38838796 | N12: 0.36916144 | O12: 0.36001821 | P12: 0.47411862 | Q12: 0.47478626 | R12: 0.38567038 | S12: 0.33115676 | T12: 0.29235559 | U12: 0.34941936
A13: FL1C4 REP 6 H2 | B13: 3.2769097 | C13: 1.7368995 | D13: 1.398586 | E13: 0.63149248 | F13: 0.84132791 | G13: 0.67117268 | H13: 0.1757548 | I13: 0.43060028 | J13: 0.29431164 | K13: 0.29071902 | L13: 0.3175572 | M13: 0.28032705 | N13: 0.27352946 | O13: 0.42110326 | P13: 0.51478759 | Q13: 0.4687326 | R13: 0.3168505 | S13: 0.31237408 | T13: 0.28744396 | U13: 0.37750545
A14: FL1C4 REP 7 H2 | B14: 5.9136467 | C14: 1.5469296 | D14: 1.0848921 | E14: 0.69399811 | F14: 0.74895061 | G14: 0.56261791 | H14: 0.23833476 | I14: 0.32752821 | J14: 0.24544302 | K14: 0.25013806 | L14: 0.29676373 | M14: 0.24767452 | N14: 0.27937426 | O14: 0.27798854 | P14: 0.35531838 | Q14: 0.32278182 | R14: 0.3446432 | S14: 0.29418336 | T14: 0.31515296 | U14: 0.3384662
A15: FL1C4 REP 8 H2 | B15: 2.5100192 | C15: 1.5665846 | D15: 1.2823305 | E15: 0.55811 | F15: 0.85647532 | G15: 0.80562727 | H15: 0.23010898 | I15: 0.39192195 | J15: 0.30748013 | K15: 0.30434198 | L15: 0.37056338 | M15: 0.35685066 | N15: 0.29330618 | O15: 0.40476708 | P15: 0.37065462 | Q15: 0.36686612 | R15: 0.34974587 | S15: 0.38153912 | T15: 0.37033791 | U15: 0.6031095
A16: FL2C3 REP 5 H2 | B16: 79.390217 | C16: 2.4089427 | D16: 1.1001465 | E16: 0.72107111 | F16: 0.70520088 | G16: 0.95804127 | H16: 0.29947533 | I16: 0.43085986 | J16: 0.44688328 | K16: 0.49658666 | L16: 0.18896362 | M16: 1.0287645 | N16: 0.84862471 | O16: 0.65756571 | P16: 0.63166196 | Q16: 0.47640234 | R16: 0.51688357 | S16: 0.48249772 | T16: 0.6452522 | U16: 0.6078934
... A20: BEO 1 REP 5 H2 | B20: 10.780231 | C20: 4.9202314 | D20: 1.0592516 | E20: 0.40605942 | F20: 0.23638803 | G20: 0.18146193 | H20: 0.084526512 | I20: 0.17354451 | J20: 0.12435878 | K20: 0.11361402 | L20: 0.1643595 | M20: 0.26052479 | N20: 0.61883265 | O20: 0.56516691 | P20: 0.48918828 | Q20: 0.49777841 | R20: 0.65296901 | S20: 0.6931995 | T20: 0.4182062 | U20: 0.3821119
A21: BEO 1 REP 6 H2 | B21: 11.00081 | C21: 3.7616651 | D21: 0.96806826 | E21: 0.4033164 | F21: 0.3589048 | G21: 0.20849876 | H21: 0.20485542 | I21: 0.21688933 | J21: 0.1333502 | K21: 0.11997757 | L21: 0.11765786 | M21: 0.12616623 | N21: 0.14168458 | O21: 0.63663058 | P21: 0.71573786 | Q21: 0.97231654 | R21: 0.63818827 | S21: 0.46953945 | T21: 0.33873527 | U21: 0.39194806 | AR21: SE | AS21: SE
A22: BEO 1 REP 7 H2 | B22: 12.136281 | C22: 4.909962 | D22: 0.83782009 | E22: 0.40143633 | F22: 0.29805708 | G22: 0.23813985 | H22: 0.10297257 | I22: 0.18065503 | J22: 0.13287959 | K22: 0.10754099 | L22: 0.11710419 | M22: 0.088127352 | N22: 0.07837357 | O22: 0.081240153 | P22: 0.10238499 | Q22: 0.12749305 | R22: 0.21591694 | S22: 0.40183682 | T22: 0.58026971 | U22: 0.54943245 | AR22: =STDEVA(AM4,AM8,AM12,AM16)/SQRT(4) -> #DIV/0! | AS22: =STDEVA(AM21,AM25,AM29,AM33)/SQRT(4) -> #DIV/0!
A23: BEO 1 REP 8 H2 | B23: 11.805498 | C23: 4.849394 | D23: 1.1578948 | E23: 0.42490002 | F23: 0.36984366 | G23: 0.25649768 | H23: 0.11000687 | I23: 0.24179208 | J23: 0.15032406 | K23: 0.13849891 | L23: 0.14640972 | M23: 0.10990838 | N23: 0.088411633 | O23: 0.095484477 | P23: 0.11563349 | Q23: 0.16510782 | R23: 0.29769088 | S23: 0.37606569 | T23: 0.56665783 | U23: 0.52568275 | AR23: =STDEVA(AM5,AM9,AM13,AM17)/SQRT(4) -> #DIV/0! | AS23: =STDEVA(AM22,AM26,AM30,AM34)/SQRT(4) -> #DIV/0!
A24: BEO 2B REP 5 H2 | B24: 10.750093 | C24: 3.1802239 | D24: 0.70992555 | E24: 0.30565187 | F24: 0.27981698 | G24: 0.18584549 | H24: 0.12197551 | I24: 0.24760896 | J24: 0.11097273 | K24: 0.099717407 | L24: 0.24698137 | M24: 0.16868123 | N24: 0.11654498 | O24: 0.097834403 | P24: 0.1048356 | Q24: 0.10934248 | R24: 0.074181344 | S24: 0.077732746 | T24: 0.078938103 | U24: 0.16551494 | AR24: =STDEVA(AM6,AM10,AM14,AM18)/SQRT(4) -> #DIV/0! | AS24: =STDEVA(AM23,AM27,AM31,AM35)/SQRT(4) -> #DIV/0!
A25: BEO 2B REP 6 H2 | B25: 13.434246 | C25: 4.5524418 | D25: 0.88850639 | E25: 0.30307246 | F25: 0.31606058 | G25: 0.21782838 | H25: 0.13040315 | I25: 0.28449064 | J25: 0.15352714 | K25: 0.18364784 | L25: 0.4180031 | M25: 0.30887861 | N25: 0.1441489 | O25: 0.14728358 | P25: 0.13664885 | Q25: 0.12897991 | R25: 0.12240918 | S25: 0.1126774 | T25: 0.10743249 | U25: 0.21741446 | AR25: =STDEVA(AM7,AM11,AM15,AM19)/SQRT(4) -> #DIV/0! | AS25: =STDEVA(AM24,AM28,AM32,AM36)/SQRT(4) -> #DIV/0!
A26: BEO 2B REP 7 H2 | B26: 9.0160941 | C26: 3.4508389 | D26: 0.74021147 | E26: 0.29728985 | F26: 0.28353282 | G26: 0.19311665 | H26: 0.13405131 | I26: 0.24561498 | J26: 0.11076355 | K26: 0.10305216 | L26: 0.21667624 | M26: 0.14357041 | N26: 0.078334245 | O26: 0.089764029 | P26: 0.086751642 | Q26: 0.091400179 | R26: 0.06179565 | S26: 0.061719514 | T26: 0.063075792 | U26: 0.14754943
A27: BEO 2B REP 8 H2 | B27: 21.848545 | C27: 4.9368925 | D27: 0.80911407 | E27: 0.30252193 | F27: 0.24641445 | G27: 0.15638352 | H27: 0.060580998 | I27: 0.14355591 | J27: 0.082344528 | K27: 0.20591834 | L27: 0.44902662 | M27: 0.46601736 | N27: 0.33462229 | O27: 0.25845631 | P27: 0.22143652 | Q27: 0.21773281 | R27: 0.21975339 | S27: 0.20275727 | T27: 0.20414035 | U27: 0.20791659

Sheet Cumulative_Resp_rate
A1: C-CO2 rate (ug C-CO2/g dry soil)
A2: Day | B2: 0 | C2: 1 | D2: 2 | E2: 4 | F2: 6 | G2: 9 | H2: 12 | I2: 14 | J2: 19 | K2: 26 | L2: 30 | M2: 36 | N2: 44 | O2: 51 | P2: 58 | Q2: 65 | R2: 74 | S2: 83 | T2: 92 | U2: 96
A3: Sample ID | W3: Cumulative Respiration (ug C-CO2/g dry soil)
A4: AT 3 REP 5 H2 | B4: =Calculations!Q3 -> 0.81424939 | C4: =Calculations!Y3 -> 11.138878 | D4: =Calculations!AG3 -> 6.5800548 | E4: =Calculations!AO3 -> 3.089972 | F4: =Calculations!AW3 -> 2.4394877 | G4: =Calculations!BE3 -> 3.567537 | H4: =Calculations!BM3 -> 1.7390852 | I4: =Calculations!BU3 -> 2.4075248 | J4: =Calculations!CC3 -> 5.5168375 | K4: =Calculations!CK3 -> 18.138357 | L4: =Calculations!CS3 -> 25.18807 | M4: =Calculations!DA3 -> 20.135989 | N4: =Calculations!DI3 -> 20.765342 | O4: =Calculations!DQ3 -> 10.602793 | P4: =Calculations!DY3 -> 7.2331547 | Q4: =Calculations!EG3 -> 6.1691181 | R4: =Calculations!EO3 -> 8.4274743 | S4: =Calculations!EW3 -> 7.2668808 | T4: =Calculations!FE3 -> 6.3860437 | U4: =Calculations!FM3 -> 4.2832337 | W4: =SUM(B4:U4) -> 171.89008
A5: AT 3 REP 6 H2 | B5: =Calculations!Q4 -> 1.4983311 | C5: =Calculations!Y4 -> 17.238578 | D5: =Calculations!AG4 -> 8.4821498 | E5: =Calculations!AO4 -> 5.1847602 | F5: =Calculations!AW4 -> 4.1969406 | G5: =Calculations!BE4 -> 4.0190323 | H5: =Calculations!BM4 -> 2.1777488 | I5: =Calculations!BU4 -> 2.9377619 | J5: =Calculations!CC4 -> 5.2022318 | K5: =Calculations!CK4 -> 22.497975 | L5: =Calculations!CS4 -> 24.875146 | M5: =Calculations!DA4 -> 23.877445 | N5: =Calculations!DI4 -> 16.890171 | O5: =Calculations!DQ4 -> 11.89416 | P5: =Calculations!DY4 -> 9.7950206 | Q5: =Calculations!EG4 -> 10.144089 | R5: =Calculations!EO4 -> 8.9735497 | S5: =Calculations!EW4 -> 9.857932 | T5: =Calculations!FE4 -> 9.9191259 | U5: =Calculations!FM4 -> 5.4152938 | W5: =SUM(B5:U5) -> 205.07744
A6: AT 3 REP 7 H2 | B6: =Calculations!Q5 -> 2.0061917 | C6: =Calculations!Y5 -> 17.045783 | D6: =Calculations!AG5 -> 8.0355295 | E6: =Calculations!AO5 -> 6.2939326 | F6: =Calculations!AW5 -> 4.0195538 | G6: =Calculations!BE5 -> 5.7721482 | H6: =Calculations!BM5 -> 2.8240675 | I6: =Calculations!BU5 -> 3.4640934 | J6: =Calculations!CC5 -> 6.955005 | K6: =Calculations!CK5 -> 26.777901 | L6: =Calculations!CS5 -> 23.593448 | M6: =Calculations!DA5 -> 18.368829 | N6: =Calculations!DI5 -> 15.729476 | O6: =Calculations!DQ5 -> 10.885234 | P6: =Calculations!DY5 -> 9.0871384 | Q6: =Calculations!EG5 -> 7.9761809 | R6: =Calculations!EO5 -> 9.6288584 | S6: =Calculations!EW5 -> 10.307052 | T6: =Calculations!FE5 -> 19.308636 | U6: =Calculations!FM5 -> 6.3225754 | W6: =SUM(B6:U6) -> 214.40163
A7: AT 3 REP 8 H2 | B7: =Calculations!Q6 -> 1.8151629 | C7: =Calculations!Y6 -> 8.0044907 | D7: =Calculations!AG6 -> 4.9097163 | E7: =Calculations!AO6 -> 2.8269369 | F7: =Calculations!AW6 -> 2.1723342 | G7: =Calculations!BE6 -> 2.2907486 | H7: =Calculations!BM6 -> 0.8673068 | I7: =Calculations!BU6 -> 1.7148625 | J7: =Calculations!CC6 -> 3.9372986 | K7: =Calculations!CK6 -> 15.316687 | L7: =Calculations!CS6 -> 13.513392 | M7: =Calculations!DA6 -> 12.526544 | N7: =Calculations!DI6 -> 11.762046 | O7: =Calculations!DQ6 -> 10.068929 | P7: =Calculations!DY6 -> 5.8916959 | Q7: =Calculations!EG6 -> 5.3845017 | R7: =Calculations!EO6 -> 6.6164325 | S7: =Calculations!EW6 -> 6.0363646 | T7: =Calculations!FE6 -> 5.4519982 | U7: =Calculations!FM6 -> 3.7824559 | W7: =SUM(B7:U7) -> 124.8899
A8: AT 4 REP 5 H2 | B8: =Calculations!Q7 -> 1.3738926 | C8: =Calculations!Y7 -> 5.9715025 | D8: =Calculations!AG7 -> 3.0420264 | E8: =Calculations!AO7 -> 1.9131817 | F8: =Calculations!AW7 -> 1.2417302 | G8: =Calculations!BE7 -> 1.6164069 | H8: =Calculations!BM7 -> 0.96520659 | I8: =Calculations!BU7 -> 1.0837747 | J8: =Calculations!CC7 -> 3.7161754 | K8: =Calculations!CK7 -> 11.316589 | L8: =Calculations!CS7 -> 10.77401 | M8: =Calculations!DA7 -> 18.795787 | N8: =Calculations!DI7 -> 24.46355 | O8: =Calculations!DQ7 -> 12.097864 | P8: =Calculations!DY7 -> 10.345872 | Q8: =Calculations!EG7 -> 5.8337271 | R8: =Calculations!EO7 -> 6.8434305 | S8: =Calculations!EW7 -> 6.7951516 | T8: =Calculations!FE7 -> 7.5886572 | U8: =Calculations!FM7 -> 3.9615434 | W8: =SUM(B8:U8) -> 139.74008
A9: AT 4 REP 6 H2 | B9: =Calculations!Q8 -> 1.8643191 | C9: =Calculations!Y8 -> 6.9716567 | D9: =Calculations!AG8 -> 4.1903225 | E9: =Calculations!AO8 -> 2.5085689 | F9: =Calculations!AW8 -> 2.0456247 | G9: =Calculations!BE8 -> 1.6853448 | H9: =Calculations!BM8 -> 1.1177271 | I9: =Calculations!BU8 -> 1.0823822 | J9: =Calculations!CC8 -> 2.1026334 | K9: =Calculations!CK8 -> 5.4874224 | L9: =Calculations!CS8 -> 7.8901688 | M9: =Calculations!DA8 -> 16.329122 | N9: =Calculations!DI8 -> 19.472265 | O9: =Calculations!DQ8 -> 12.468758 | P9: =Calculations!DY8 -> 7.2916729 | Q9: =Calculations!EG8 -> 6.326521 | R9: =Calculations!EO8 -> 6.2638813 | S9: =Calculations!EW8 -> 6.8616727 | T9: =Calculations!FE8 -> 6.2353284 | U9: =Calculations!FM8 -> 3.1964654 | W9: =SUM(B9:U9) -> 121.39186
A10: AT 4 REP 7 H2 | B10: =Calculations!Q9 -> 1.8095201 | C10: =Calculations!Y9 -> 6.2854609 | D10: =Calculations!AG9 -> 3.875777 | E10: =Calculations!AO9 -> 2.8547184 | F10: =Calculations!AW9 -> 1.5036213 | G10: =Calculations!BE9 -> 1.6660847 | H10: =Calculations!BM9 -> 1.0921364 | I10: =Calculations!BU9 -> 1.1428013 | J10: =Calculations!CC9 -> 3.2360071 | K10: =Calculations!CK9 -> 9.1689126 | L10: =Calculations!CS9 -> 10.01912 | M10: =Calculations!DA9 -> 17.263474 | N10: =Calculations!DI9 -> 16.204803 | O10: =Calculations!DQ9 -> 8.8440668 | P10: =Calculations!DY9 -> 5.8665871 | Q10: =Calculations!EG9 -> 3.9671561 | R10: =Calculations!EO9 -> 4.4505123 | S10: =Calculations!EW9 -> 4.4764599 | T10: =Calculations!FE9 -> 4.8119842 | U10: =Calculations!FM9 -> 2.1500485 | W10: =SUM(B10:U10) -> 110.68925
A11: AT 4 REP 8 H2 | B11: =Calculations!Q10 -> 2.328754 | C11: =Calculations!Y10 -> 8.9635409 | D11: =Calculations!AG10 -> 3.9663449 | E11: =Calculations!AO10 -> 2.2457824 | F11: =Calculations!AW10 -> 2.0617173 | G11: =Calculations!BE10 -> 1.67994 | H11: =Calculations!BM10 -> 0.73477378 | I11: =Calculations!BU10 -> 1.195649 | J11: =Calculations!CC10 -> 1.9055377 | K11: =Calculations!CK10 -> 6.9037807 | L11: =Calculations!CS10 -> 8.5597865 | M11: =Calculations!DA10 -> 17.350791 | N11: =Calculations!DI10 -> 20.023022 | O11: =Calculations!DQ10 -> 10.712059 | P11: =Calculations!DY10 -> 7.1703116 | Q11: =Calculations!EG10 -> 5.1480681 | R11: =Calculations!EO10 -> 5.0003199 | S11: =Calculations!EW10 -> 4.5114477 | T11: =Calculations!FE10 -> 4.1235608 | U11: =Calculations!FM10 -> 2.5362216 | W11: =SUM(B11:U11) -> 117.12141
A12: FL1C4 REP 5 H2 | B12: =Calculations!Q11 -> 4.2812433 | C12: =Calculations!Y11 -> 27.557339 | D12: =Calculations!AG11 -> 31.082784 | E12: =Calculations!AO11 -> 31.612228 | F12: =Calculations!AW11 -> 29.450611 | G12: =Calculations!BE11 -> 86.868457 | H12: =Calculations!BM11 -> 49.08575 | I12: =Calculations!BU11 -> 44.703769 | J12: =Calculations!CC11 -> 301.69853 | K12: =Calculations!CK11 -> 182.52812 | L12: =Calculations!CS11 -> 59.88013 | M12: =Calculations!DA11 -> 55.164037 | N12: =Calculations!DI11 -> 70.971287 | O12: =Calculations!DQ11 -> 60.417055 | P12: =Calculations!DY11 -> 78.348102 | Q12: =Calculations!EG11 -> 79.669135 | R12: =Calculations!EO11 -> 83.407647 | S12: =Calculations!EW11 -> 70.177636 | T12: =Calculations!FE11 -> 62.963649 | U12: =Calculations!FM11 -> 32.659063 | W12: =SUM(B12:U12) -> 1442.5266
A13: FL1C4 REP 6 H2 | B13: =Calculations!Q12 -> 4.8061342 | C13: =Calculations!Y12 -> 28.108824 | D13: =Calculations!AG12 -> 29.99967 | E13: =Calculations!AO12 -> 31.743022 | F13: =Calculations!AW12 -> 37.62138 | G13: =Calculations!BE12 -> 44.241466 | H13: =Calculations!BM12 -> 12.668992 | I13: =Calculations!BU12 -> 18.659346 | J13: =Calculations!CC12 -> 35.312492 | K13: =Calculations!CK12 -> 48.656673 | L13: =Calculations!CS12 -> 30.951241 | M13: =Calculations!DA12 -> 39.843818 | N13: =Calculations!DI12 -> 52.253245 | O13: =Calculations!DQ12 -> 70.703237 | P13: =Calculations!DY12 -> 85.137288 | Q13: =Calculations!EG12 -> 78.723639 | R13: =Calculations!EO12 -> 68.466113 | S13: =Calculations!EW12 -> 66.322223 | T13: =Calculations!FE12 -> 62.078314 | U13: =Calculations!FM12 -> 35.340802 | W13: =SUM(B13:U13) -> 881.63792
A14: FL1C4 REP 7 H2 | B14: =Calculations!Q13 -> 9.6589562 | C14: =Calculations!Y13 -> 25.240735 | D14: =Calculations!AG13 -> 23.397506 | E14: =Calculations!AO13 -> 34.665205 | F14: =Calculations!AW13 -> 33.440645 | G14: =Calculations!BE13 -> 37.179667 | H14: =Calculations!BM13 -> 17.199825 | I14: =Calculations!BU13 -> 14.378488 | J14: =Calculations!CC13 -> 29.424527 | K14: =Calculations!CK13 -> 41.885617 | L14: =Calculations!CS13 -> 28.959194 | M14: =Calculations!DA13 -> 34.823037 | N14: =Calculations!DI13 -> 53.397733 | O14: =Calculations!DQ13 -> 46.702075 | P14: =Calculations!DY13 -> 58.799269 | Q14: =Calculations!EG13 -> 54.340319 | R14: =Calculations!EO13 -> 74.5693 | S14: =Calculations!EW13 -> 62.209975 | T14: =Calculations!FE13 -> 67.78415 | U14: =Calculations!FM13 -> 31.466074 | W14: =SUM(B14:U14) -> 779.5223
A15: FL1C4 REP 8 H2 | B15: =Calculations!Q14 -> 4.8108702 | C15: =Calculations!Y14 -> 25.744207 | D15: =Calculations!AG14 -> 27.783827 | E15: =Calculations!AO14 -> 27.821783 | F15: =Calculations!AW14 -> 38.498566 | G15: =Calculations!BE14 -> 53.319098 | H15: =Calculations!BM14 -> 16.625374 | I15: =Calculations!BU14 -> 17.159649 | J15: =Calculations!CC14 -> 36.830995 | K15: =Calculations!CK14 -> 50.997572 | L15: =Calculations!CS14 -> 35.679077 | M15: =Calculations!DA14 -> 50.22673 | N15: =Calculations!DI14 -> 56.085031 | O15: =Calculations!DQ14 -> 68.034601 | P15: =Calculations!DY14 -> 61.479247 | Q15: =Calculations!EG14 -> 61.725225 | R15: =Calculations!EO14 -> 75.807416 | S15: =Calculations!EW14 -> 80.77819 | T15: =Calculations!FE14 -> 79.912749 | U15: =Calculations!FM14 -> 56.229909 | W15: =SUM(B15:U15) -> 925.55012
... A27: BEO 2B REP 8 H2 | B27: =Calculations!Q26 -> 33.501103 | C27: =Calculations!Y26 -> 65.084699 | D27: =Calculations!AG26 -> 21.805624 | E27: =Calculations!AO26 -> 15.584921 | F27: =Calculations!AW26 -> 11.154361 | G27: =Calculations!BE26 -> 10.522005 | H27: =Calculations!BM26 -> 4.3759674 | I27: =Calculations!BU26 -> 6.2686083 | J27: =Calculations!CC26 -> 9.698813 | K27: =Calculations!CK26 -> 34.566825 | L27: =Calculations!CS26 -> 43.114039 | M27: =Calculations!DA26 -> 65.397769 | N27: =Calculations!DI26 -> 63.282653 | O27: =Calculations!DQ26 -> 43.3862 | P27: =Calculations!DY26 -> 36.773225 | Q27: =Calculations!EG26 -> 36.586371 | R27: =Calculations!EO26 -> 47.587598 | S27: =Calculations!EW26 -> 43.167022 | T27: =Calculations!FE26 -> 43.621391 | U27: =Calculations!FM26 -> 19.388222 | W27: =SUM(B27:U27) -> 654.86742

Sheet Cumulative_rate_avgs_core
A1: Site | B1: Core | C1: Day | D1: Avg_
A2: CRREL | B2: AT3 | C2: 0 | D2: =AVERAGE(Cumulative_rate_figures!$B$3:$B$6) -> 1.5334838
A3: CRREL | B3: AT4 | C3: 0 | D3: =AVERAGE(Cumulative_rate_figures!$B$7:$B$10) -> 1.8441215
A4: FL | B4: Fl1C4 | C4: 0 | D4: =AVERAGE(Cumulative_rate_figures!B11:B14) -> 5.889301
A5: FL | B5: Fl2C3 | C5: 0 | D5: =AVERAGE(Cumulative_rate_figures!B15:B18) -> 3.4796136
A6: Ut | B6: BEO1 | C6: 0 | D6: =AVERAGE(Cumulative_rate_figures!B19:B22) -> 9.4468285
A7: Ut | B7: BEO2 | C7: 0 | D7: =AVERAGE(Cumulative_rate_figures!B23:B26) -> 18.797338
A8: CRREL | B8: AT3 | C8: 1 | D8: =AVERAGE(Cumulative_rate_figures!C3:C6) -> 14.890416
A9: CRREL | B9: AT4 | C9: 1 | D9: =AVERAGE(Cumulative_rate_figures!C7:C10) -> 8.8921617
A10: FL | B10: Fl1C4 | C10: 1 | D10: =AVERAGE(Cumulative_rate_figures!C11:C14) -> 32.552077
A11: FL | B11: Fl2C3 | C11: 1 | D11: =AVERAGE(Cumulative_rate_figures!C15:C18) -> 32.292801
A12: Ut | B12: BEO1 | C12: 1 | D12: =AVERAGE(Cumulative_rate_figures!C19:C22) -> 67.19982
A13: Ut | B13: BEO2 | C13: 1 | D13: =AVERAGE(Cumulative_rate_figures!C23:C26) -> 71.270879
A14: CRREL | B14: AT3 | C14: 2
A15: CRREL | B15: AT4 | C15: 2
A16: FL | B16: Fl1C4 | C16: 2
A17: FL | B17: Fl2C3 | C17: 2
A18: Ut | B18: BEO1 | C18: 2
A19: Ut | B19: BEO2 | C19: 2

Sheet Cumulative_rate_figures
A1: Day | B1: 0 | C1: 1 | D1: 2 | E1: 4 | F1: 6 | G1: 9 | H1: 12 | I1: 14 | J1: 19 | K1: 26 | L1: 30 | M1: 36 | N1: 44 | O1: 51 | P1: 58 | Q1: 65 | R1: 74 | S1: 83 | T1: 92 | U1: 96
A2: Sample ID
A3: AT 3 REP 5 H2 | B3: =Calculations!Q3 -> 0.81424939 | C3: =Calculations!Y3 +B3 -> 11.953127 | D3: =Calculations!AG3 +C3 -> 18.533182 | E3: =Calculations!AO3 +D3 -> 21.623154 | F3: =Calculations!AW3+E3 -> 24.062642 | G3: =Calculations!BE3+F3 -> 27.630179 | H3: =Calculations!BM3+G3 -> 29.369264 | I3: =Calculations!BU3+H3 -> 31.776789 | J3: =Calculations!CC3+I3 -> 37.293626 | K3: =Calculations!CK3+J3 -> 55.431983 | L3: =Calculations!CS3+K3 -> 80.620054 | M3: =Calculations!DA3+L3 -> 100.75604 | N3: =Calculations!DI3+M3 -> 121.52139 | O3: =Calculations!DQ3+N3 -> 132.12418 | P3: =Calculations!DY3+O3 -> 139.35733 | Q3: =Calculations!EG3+P3 -> 145.52645 | R3: =Calculations!EO3+Q3 -> 153.95393 | S3: =Calculations!EW3+R3 -> 161.22081 | T3: =Calculations!FE3+S3 -> 167.60685 | U3: =Calculations!FM3+T3 -> 171.89008
A4: AT 3 REP 6 H2 | B4: =Calculations!Q4 -> 1.4983311 | C4: =Calculations!Y4 +B4 -> 18.736909 | D4: =Calculations!AG4 +C4 -> 27.219059 | E4: =Calculations!AO4+D4 -> 32.403819 | F4: =Calculations!AW4+E4 -> 36.600759 | G4: =Calculations!BE4 +F4 -> 40.619792 | H4: =Calculations!BM4+G4 -> 42.79754 | I4: =Calculations!BU4+H4 -> 45.735302 | J4: =Calculations!CC4+I4 -> 50.937534 | K4: =Calculations!CK4+J4 -> 73.435509 | L4: =Calculations!CS4+K4 -> 98.310655 | M4: =Calculations!DA4+L4 -> 122.1881 | N4: =Calculations!DI4+M4 -> 139.07827 | O4: =Calculations!DQ4+N4 -> 150.97243 | P4: =Calculations!DY4+O4 -> 160.76745 | Q4: =Calculations!EG4+P4 -> 170.91154 | R4: =Calculations!EO4+Q4 -> 179.88509 | S4: =Calculations!EW4+R4 -> 189.74302 | T4: =Calculations!FE4+S4 -> 199.66215 | U4: =Calculations!FM4+T4 -> 205.07744
A5: AT 3 REP 7 H2 | B5: =Calculations!Q5 -> 2.0061917 | C5: =Calculations!Y5+B5 -> 19.051974 | D5: =Calculations!AG5+C5 -> 27.087504 | E5: =Calculations!AO5+D5 -> 33.381437 | F5: =Calculations!AW5+E5 -> 37.40099 | G5: =Calculations!BE5+F5 -> 43.173139 | H5: =Calculations!BM5+G5 -> 45.997206 | I5: =Calculations!BU5+H5 -> 49.461299 | J5: =Calculations!CC5+I5 -> 56.416304 | K5: =Calculations!CK5+J5 -> 83.194205 | L5: =Calculations!CS5+K5 -> 106.78765 | M5: =Calculations!DA5+L5 -> 125.15648 | N5: =Calculations!DI5+M5 -> 140.88596 | O5: =Calculations!DQ5+N5 -> 151.77119 | P5: =Calculations!DY5+O5 -> 160.85833 | Q5: =Calculations!EG5+P5 -> 168.83451 | R5: =Calculations!EO5+Q5 -> 178.46337 | S5: =Calculations!EW5+R5 -> 188.77042 | T5: =Calculations!FE5+S5 -> 208.07906 | U5: =Calculations!FM5+T5 -> 214.40163
A6: AT 3 REP 8 H2 | B6: =Calculations!Q6 -> 1.8151629 | C6: =Calculations!Y6+B6 -> 9.8196536 | D6: =Calculations!AG6+C6 -> 14.72937 | E6: =Calculations!AO6+D6 -> 17.556307 | F6: =Calculations!AW6+E6 -> 19.728641 | G6: =Calculations!BE6+F6 -> 22.01939 | H6: =Calculations!BM6+G6 -> 22.886696 | I6: =Calculations!BU6+H6 -> 24.601559 | J6: =Calculations!CC6+I6 -> 28.538858 | K6: =Calculations!CK6+J6 -> 43.855544 | L6: =Calculations!CS6+K6 -> 57.368937 | M6: =Calculations!DA6+L6 -> 69.895481 | N6: =Calculations!DI6+M6 -> 81.657527 | O6: =Calculations!DQ6+N6 -> 91.726456 | P6: =Calculations!DY6+O6 -> 97.618152 | Q6: =Calculations!EG6+P6 -> 103.00265 | R6: =Calculations!EO6+Q6 -> 109.61909 | S6: =Calculations!EW6+R6 -> 115.65545 | T6: =Calculations!FE6+S6 -> 121.10745 | U6: =Calculations!FM6+T6 -> 124.8899
A7: AT 4 REP 5 H2 | B7: =Calculations!Q7 -> 1.3738926 | C7: =Calculations!Y7+B7 -> 7.3453951 | D7: =Calculations!AG7+C7 -> 10.387421 | E7: =Calculations!AO7+D7 -> 12.300603 | F7: =Calculations!AW7+E7 -> 13.542333 | G7: =Calculations!BE7+F7 -> 15.15874 | H7: =Calculations!BM7+G7 -> 16.123947 | I7: =Calculations!BU7+H7 -> 17.207722 | J7: =Calculations!CC7+I7 -> 20.923897 | K7: =Calculations!CK7+J7 -> 32.240486 | L7: =Calculations!CS7+K7 -> 43.014496 | M7: =Calculations!DA7+L7 -> 61.810284 | N7: =Calculations!DI7+M7 -> 86.273834 | O7: =Calculations!DQ7+N7 -> 98.371699 | P7: =Calculations!DY7+O7 -> 108.71757 | Q7: =Calculations!EG7+P7 -> 114.5513 | R7: =Calculations!EO7+Q7 -> 121.39473 | S7: =Calculations!EW7+R7 -> 128.18988 | T7: =Calculations!FE7+S7 -> 135.77854 | U7: =Calculations!FM7+T7 -> 139.74008
A8: AT 4 REP 6 H2 | B8: =Calculations!Q8 -> 1.8643191 | C8: =Calculations!Y8+B8 -> 8.8359759 | D8: =Calculations!AG8+C8 -> 13.026298 | E8: =Calculations!AO8+D8 -> 15.534867 | F8: =Calculations!AW8+E8 -> 17.580492 | G8: =Calculations!BE8+F8 -> 19.265837 | H8: =Calculations!BM8+G8 -> 20.383564 | I8: =Calculations!BU8+H8 -> 21.465946 | J8: =Calculations!CC8+I8 -> 23.56858 | K8: =Calculations!CK8+J8 -> 29.056002 | L8: =Calculations!CS8+K8 -> 36.946171 | M8: =Calculations!DA8+L8 -> 53.275293 | N8: =Calculations!DI8+M8 -> 72.747558 | O8: =Calculations!DQ8+N8 -> 85.216316 | P8: =Calculations!DY8+O8 -> 92.507989 | Q8: =Calculations!EG8+P8 -> 98.83451 | R8: =Calculations!EO8+Q8 -> 105.09839 | S8: =Calculations!EW8+R8 -> 111.96006 | T8: =Calculations!FE8+S8 -> 118.19539 | U8: =Calculations!FM8+T8 -> 121.39186
A9: AT 4 REP 7 H2 | B9: =Calculations!Q9 -> 1.8095201 | C9: =Calculations!Y9+B9 -> 8.094981 | D9: =Calculations!AG9+C9 -> 11.970758 | E9: =Calculations!AO9+D9 -> 14.825476 | F9: =Calculations!AW9+E9 -> 16.329098 | G9: =Calculations!BE9+F9 -> 17.995182 | H9: =Calculations!BM9+G9 -> 19.087319 | I9: =Calculations!BU9+H9 -> 20.23012 | J9: =Calculations!CC9+I9 -> 23.466127 | K9: =Calculations!CK9+J9 -> 32.63504 | L9: =Calculations!CS9+K9 -> 42.654159 | M9: =Calculations!DA9+L9 -> 59.917634 | N9: =Calculations!DI9+M9 -> 76.122437 | O9: =Calculations!DQ9+N9 -> 84.966503 | P9: =Calculations!DY9+O9 -> 90.83309 | Q9: =Calculations!EG9+P9 -> 94.800247 | R9: =Calculations!EO9+Q9 -> 99.250759 | S9: =Calculations!EW9+R9 -> 103.72722 | T9: =Calculations!FE9+S9 -> 108.5392 | U9: =Calculations!FM9+T9 -> 110.68925
A10: AT 4 REP 8 H2 | B10: =Calculations!Q10 -> 2.328754 | C10: =Calculations!Y10+B10 -> 11.292295 | D10: =Calculations!AG10+C10 -> 15.25864 | E10: =Calculations!AO10+D10 -> 17.504422 | F10: =Calculations!AW10+E10 -> 19.56614 | G10: =Calculations!BE10+F10 -> 21.24608 | H10: =Calculations!BM10+G10 -> 21.980853 | I10: =Calculations!BU10+H10 -> 23.176502 | J10: =Calculations!CC10+I10 -> 25.08204 | K10: =Calculations!CK10+J10 -> 31.985821 | L10: =Calculations!CS10+K10 -> 40.545607 | M10: =Calculations!DA10+L10 -> 57.896398 | N10: =Calculations!DI10+M10 -> 77.91942 | O10: =Calculations!DQ10+N10 -> 88.631479 | P10: =Calculations!DY10+O10 -> 95.801791 | Q10: =Calculations!EG10+P10 -> 100.94986 | R10: =Calculations!EO10+Q10 -> 105.95018 | S10: =Calculations!EW10+R10 -> 110.46163 | T10: =Calculations!FE10+S10 -> 114.58519 | U10: =Calculations!FM10+T10 -> 117.12141
A11: FL1C4 REP 5 H2 | B11: =Calculations!Q11 -> 4.2812433 | C11: =Calculations!Y11+B11 -> 31.838583 | D11: =Calculations!AG11+C11 -> 62.921367 | E11: =Calculations!AO11+D11 -> 94.533595 | F11: =Calculations!AW11+E11 -> 123.98421 | G11: =Calculations!BE11+F11 -> 210.85266 | H11: =Calculations!BM11+G11 -> 259.93841 | I11: =Calculations!BU11+H11 -> 304.64218 | J11: =Calculations!CC11+I11 -> 606.34071 | K11: =Calculations!CK11+J11 -> 788.86883 | L11: =Calculations!CS11+K11 -> 848.74896 | M11: =Calculations!DA11+L11 -> 903.913 | N11: =Calculations!DI11+M11 -> 974.88429 | O11: =Calculations!DQ11+N11 -> 1035.3013 | P11: =Calculations!DY11+O11 -> 1113.6494 | Q11: =Calculations!EG11+P11 -> 1193.3186 | R11: =Calculations!EO11+Q11 -> 1276.7262 | S11: =Calculations!EW11+R11 -> 1346.9039 | T11: =Calculations!FE11+S11 -> 1409.8675 | U11: =Calculations!FM11+T11 -> 1442.5266
A12: FL1C4 REP 6 H2 | B12: =Calculations!Q12 -> 4.8061342 | C12: =Calculations!Y12+B12 -> 32.914958 | D12: =Calculations!AG12+C12 -> 62.914628 | E12: =Calculations!AO12+D12 -> 94.657649 | F12: =Calculations!AW12+E12 -> 132.27903 | G12: =Calculations!BE12+F12 -> 176.5205 | H12: =Calculations!BM12+G12 -> 189.18949 | I12: =Calculations!BU12+H12 -> 207.84883 | J12: =Calculations!CC12+I12 -> 243.16133 | K12: =Calculations!CK12+J12 -> 291.818 | L12: =Calculations!CS12+K12 -> 322.76924 | M12: =Calculations!DA12+L12 -> 362.61306 | N12: =Calculations!DI12+M12 -> 414.8663 | O12: =Calculations!DQ12+N12 -> 485.56954 | P12: =Calculations!DY12+O12 -> 570.70683 | Q12: =Calculations!EG12+P12 -> 649.43047 | R12: =Calculations!EO12+Q12 -> 717.89658 | S12: =Calculations!EW12+R12 -> 784.2188 | T12: =Calculations!FE12+S12 -> 846.29712 | U12: =Calculations!FM12+T12 -> 881.63792
A13: FL1C4 REP 7 H2 | B13: =Calculations!Q13 -> 9.6589562 | C13: =Calculations!Y13+B13 -> 34.899692 | D13: =Calculations!AG13+C13 -> 58.297197 | E13: =Calculations!AO13+D13 -> 92.962403 | F13: =Calculations!AW13+E13 -> 126.40305 | G13: =Calculations!BE13+F13 -> 163.58271 | H13: =Calculations!BM13+G13 -> 180.78254 | I13: =Calculations!BU13+H13 -> 195.16103 | J13: =Calculations!CC13+I13 -> 224.58555 | K13: =Calculations!CK13+J13 -> 266.47117 | L13: =Calculations!CS13+K13 -> 295.43037 | M13: =Calculations!DA13+L13 -> 330.2534 | N13: =Calculations!DI13+M13 -> 383.65114 | O13: =Calculations!DQ13+N13 -> 430.35321 | P13: =Calculations!DY13+O13 -> 489.15248 | Q13: =Calculations!EG13+P13 -> 543.4928 | R13: =Calculations!EO13+Q13 -> 618.0621 | S13: =Calculations!EW13+R13 -> 680.27207 | T13: =Calculations!FE13+S13 -> 748.05622 | U13: =Calculations!FM13+T13 -> 779.5223
A14: FL1C4 REP 8 H2 | B14: =Calculations!Q14 -> 4.8108702 | C14: =Calculations!Y14+B14 -> 30.555077 | D14: =Calculations!AG14+C14 -> 58.338903 | E14: =Calculations!AO14+D14 -> 86.160687 | F14: =Calculations!AW14+E14 -> 124.65925 | G14: =Calculations!BE14+F14 -> 177.97835 | H14: =Calculations!BM14+G14 -> 194.60372 | I14: =Calculations!BU14+H14 -> 211.76337 | J14: =Calculations!CC14+I14 -> 248.59437 | K14: =Calculations!CK14+J14 -> 299.59194 | L14: =Calculations!CS14+K14 -> 335.27102 | M14: =Calculations!DA14+L14 -> 385.49775 | N14: =Calculations!DI14+M14 -> 441.58278 | O14: =Calculations!DQ14+N14 -> 509.61738 | P14: =Calculations!DY14+O14 -> 571.09663 | Q14: =Calculations!EG14+P14 -> 632.82185 | R14: =Calculations!EO14+Q14 -> 708.62927 | S14: =Calculations!EW14+R14 -> 789.40746 | T14: =Calculations!FE14+S14 -> 869.32021 | U14: =Calculations!FM14+T14 -> 925.55012
A15: FL2C3 REP 5 H2 | B15: =Calculations!Q15 -> 1.3231703 | C15: =Calculations!Y15+B15 -> 29.788843 | D15: =Calculations!AG15+C15 -> 57.475864 | E15: =Calculations!AO15+D15 -> 93.769776 | F15: =Calculations!AW15+E15 -> 123.43523 | G15: =Calculations!BE15+F15 -> 187.99124 | H15: =Calculations!BM15+G15 -> 209.79304 | I15: =Calculations!BU15+H15 -> 228.55699 | J15: =Calculations!CC15+I15 -> 281.3488 | K15: =Calculations!CK15+J15 -> 363.88151 | L15: =Calculations!CS15+K15 -> 382.11335 | M15: =Calculations!DA15+L15 -> 526.99769 | N15: =Calculations!DI15+M15 -> 687.59991 | O15: =Calculations!DQ15+N15 -> 798.21342 | P15: =Calculations!DY15+O15 -> 903.03773 | Q15: =Calculations!EG15+P15 -> 983.04156 | R15: =Calculations!EO15+Q15 -> 1095.0847 | S15: =Calculations!EW15+R15 -> 1198.0256 | T15: =Calculations!FE15+S15 -> 1336.3569 | U15: =Calculations!FM15+T15 -> 1393.4989
A16: FL2C3 REP 6 H2 | B16: =Calculations!Q16 -> 2.8831251 | C16: =Calculations!Y16+B16 -> 37.390059 | D16: =Calculations!AG16+C16 -> 76.444782 | E16: =Calculations!AO16+D16 -> 110.57058 | F16: =Calculations!AW16+E16 -> 146.922 | G16: =Calculations!BE16+F16 -> 200.75962 | H16: =Calculations!BM16+G16 -> 217.70465 | I16: =Calculations!BU16+H16 -> 237.73566 | J16: =Calculations!CC16+I16 -> 282.26628 | K16: =Calculations!CK16+J16 -> 372.3762 | L16: =Calculations!CS16+K16 -> 445.77271 | M16: =Calculations!DA16+L16 -> 621.01813 | N16: =Calculations!DI16+M16 -> 836.68633 | O16: =Calculations!DQ16+N16 -> 999.2265 | P16: =Calculations!DY16+O16 -> 1110.6134 | Q16: =Calculations!EG16+P16 -> 1213.0344 | R16: =Calculations!EO16+Q16 -> 1327.5522 | S16: =Calculations!EW16+R16 -> 1508.9057 | T16: =Calculations!FE16+S16 -> 1616.6994 | U16: =Calculations!FM16+T16 -> 1683.7255
... A26: BEO 2B REP 8 H2 | B26: =Calculations!Q26 -> 33.501103 | C26: =Calculations!Y26+B26 -> 98.585802 | D26: =Calculations!AG26+C26 -> 120.39143 | E26: =Calculations!AO26+D26 -> 135.97635 | F26: =Calculations!AW26+E26 -> 147.13071 | G26: =Calculations!BE26+F26 -> 157.65271 | H26: =Calculations!BM26+G26 -> 162.02868 | I26: =Calculations!BU26+H26 -> 168.29729 | J26: =Calculations!CC26+I26 -> 177.9961 | K26: =Calculations!CK26+J26 -> 212.56293 | L26: =Calculations!CS26+K26 -> 255.67697 | M26: =Calculations!DA26+L26 -> 321.07474 | N26: =Calculations!DI26+M26 -> 384.35739 | O26: =Calculations!DQ26+N26 -> 427.74359 | P26: =Calculations!DY26+O26 -> 464.51681 | Q26: =Calculations!EG26+P26 -> 501.10318 | R26: =Calculations!EO26+Q26 -> 548.69078 | S26: =Calculations!EW26+R26 -> 591.8578 | T26: =Calculations!FE26+S26 -> 635.4792 | U26: =Calculations!FM26+T26 -> 654.86742
A28: start adding here

Sheet Cumulative_avg_site
A1: Site | B1: Day | C1: Avg_cumresp | D1: STD_dev_mean
A2: CRREL | B2: 0 | C2: =AVERAGE(Cumulative_rate_figures!B3:B10) -> 1.6888026 | D2: =STDEV(Cumulative_rate_figures!B3:B10)/SQRT(COUNT(Cumulative_rate_figures!B3:B10)) -> 0.16212376
A3: FL | B3: 0 | C3: =AVERAGE(Cumulative_rate_figures!B11:B18) -> 4.6844573 | D3: =STDEV(Cumulative_rate_figures!B11:B18)/SQRT(COUNT(Cumulative_rate_figures!B11:B18)) -> 1.0166019
A4: Ut | B4: 0 | C4: =AVERAGE(Cumulative_rate_figures!B19:B26) -> 14.122083 | D4: =STDEV(Cumulative_rate_figures!B19:B26)/SQRT(COUNT(Cumulative_rate_figures!B19:B26)) -> 2.9739962
A5: CRREL | B5: 1 | C5: =AVERAGE(Cumulative_rate_figures!C3:C10) -> 11.891289 | D5: =STDEV(Cumulative_rate_figures!C3:C10)/SQRT(COUNT(Cumulative_rate_figures!C3:C10)) -> 1.6213104
A6: FL | B6: 1 | C6: =AVERAGE(Cumulative_rate_figures!C11:C18) -> 32.422439 | D6: =STDEV(Cumulative_rate_figures!C11:C18)/SQRT(COUNT(Cumulative_rate_figures!C11:C18)) -> 2.5869465
A7: Ut | B7: 1 | C7: =AVERAGE(Cumulative_rate_figures!C19:C26) -> 69.235349 | D7: =STDEV(Cumulative_rate_figures!C19:C26)/SQRT(COUNT(Cumulative_rate_figures!C19:C26)) -> 5.2489746
A8: CRREL | B8: 2 | C8: =AVERAGE(Cumulative_rate_figures!D3:D10) -> 17.276529 | D8: =STDEV(Cumulative_rate_figures!D3:D10)/SQRT(COUNT(Cumulative_rate_figures!D3:D10)) -> 2.3181106
A9: FL | B9: 2 | C9: =AVERAGE(Cumulative_rate_figures!D11:D18) -> 59.967242 | D9: =STDEV(Cumulative_rate_figures!D11:D18)/SQRT(COUNT(Cumulative_rate_figures!D11:D18)) -> 5.1453177
A10: Ut | B10: 2 | C10: =AVERAGE(Cumulative_rate_figures!D19:D26) -> 93.072591 | D10: =STDEV(Cumulative_rate_figures!D19:D26)/SQRT(COUNT(Cumulative_rate_figures!D19:D26)) -> 5.6319714
A11: CRREL | B11: 4 | C11: =AVERAGE(Cumulative_rate_figures!E3:E10) -> 20.641261 | D11: =STDEV(Cumulative_rate_figures!E3:E10)/SQRT(COUNT(Cumulative_rate_figures!E3:E10)) -> 2.8361689
A12: FL | B12: 4 | C12: =AVERAGE(Cumulative_rate_figures!E11:E18) -> 90.616013 | D12: =STDEV(Cumulative_rate_figures!E11:E18)/SQRT(COUNT(Cumulative_rate_figures!E11:E18)) -> 7.9394291
A13: Ut | B13: 4 | C13: =AVERAGE(Cumulative_rate_figures!E19:E26) -> 111.25096 | D13: =STDEV(Cumulative_rate_figures!E19:E26)/SQRT(COUNT(Cumulative_rate_figures!E19:E26)) -> 5.8191561
A14: CRREL | B14: 6 | C14: =AVERAGE(Cumulative_rate_figures!F3:F10) -> 23.101387 | D14: =STDEV(Cumulative_rate_figures!F3:F10)/SQRT(COUNT(Cumulative_rate_figures!F3:F10)) -> 3.2161112
A15: FL | B15: 6 | C15: =AVERAGE(Cumulative_rate_figures!F11:F18) -> 121.42136 | D15: =STDEV(Cumulative_rate_figures!F11:F18)/SQRT(COUNT(Cumulative_rate_figures!F11:F18)) -> 10.64232
A16: Ut | B16: 6 | C16: =AVERAGE(Cumulative_rate_figures!F19:F26) -> 124.64201 | D16: =STDEV(Cumulative_rate_figures!F19:F26)/SQRT(COUNT(Cumulative_rate_figures!F19:F26)) -> 5.8270742
A17: CRREL | B17: 9 | C17: =AVERAGE(Cumulative_rate_figures!G3:G10) -> 25.888542 | D17: =STDEV(Cumulative_rate_figures!G3:G10)/SQRT(COUNT(Cumulative_rate_figures!G3:G10)) -> 3.7239982
A18: FL | B18: 9 | C18: =AVERAGE(Cumulative_rate_figures!G11:G18) -> 174.43838 | D18: =STDEV(Cumulative_rate_figures!G11:G18)/SQRT(COUNT(Cumulative_rate_figures!G11:G18)) -> 16.338562
A19: Ut | B19: 9 | C19: =AVERAGE(Cumulative_rate_figures!G19:G26) -> 138.49416 | D19: =STDEV(Cumulative_rate_figures!G19:G26)/SQRT(COUNT(Cumulative_rate_figures!G19:G26)) -> 5.9995631
A20: CRREL | B20: 12 | C20: =AVERAGE(Cumulative_rate_figures!H3:H10) -> 27.328299 | D20: =STDEV(Cumulative_rate_figures!H3:H10)/SQRT(COUNT(Cumulative_rate_figures!H3:H10)) -> 3.968615
A21: FL | B21: 12 | C21: =AVERAGE(Cumulative_rate_figures!H11:H18) -> 195.72876 | D21: =STDEV(Cumulative_rate_figures!H11:H18)/SQRT(COUNT(Cumulative_rate_figures!H11:H18)) -> 18.617664
A22: Ut | B22: 12 | C22: =AVERAGE(Cumulative_rate_figures!H19:H26) -> 147.18265 | D22: =STDEV(Cumulative_rate_figures!H19:H26)/SQRT(COUNT(Cumulative_rate_figures!H19:H26)) -> 5.5948941
A23: CRREL | B23: 14 | C23: =AVERAGE(Cumulative_rate_figures!I3:I10) -> 29.206905 | D23: =STDEV(Cumulative_rate_figures!I3:I10)/SQRT(COUNT(Cumulative_rate_figures!I3:I10)) -> 4.293045
A24: FL | B24: 14 | C24: =AVERAGE(Cumulative_rate_figures!I11:I18) -> 217.08613 | D24: =STDEV(Cumulative_rate_figures!I11:I18)/SQRT(COUNT(Cumulative_rate_figures!I11:I18)) -> 21.090329
A25: Ut | B25: 14 | C25: =AVERAGE(Cumulative_rate_figures!I19:I26) -> 156.39678 | D25: =STDEV(Cumulative_rate_figures!I19:I26)/SQRT(COUNT(Cumulative_rate_figures!I19:I26)) -> 5.5001593
A26: CRREL | B26: 19 | C26: =AVERAGE(Cumulative_rate_figures!J3:J10) -> 33.278371 | D26: =STDEV(Cumulative_rate_figures!J3:J10)/SQRT(COUNT(Cumulative_rate_figures!J3:J10)) -> 4.8110147
A27: FL | B27: 19 | C27: =AVERAGE(Cumulative_rate_figures!J11:J18) -> 287.01783 | D27: =STDEV(Cumulative_rate_figures!J11:J18)/SQRT(COUNT(Cumulative_rate_figures!J11:J18)) -> 50.066546
A28: Ut | B28: 19 | C28: =AVERAGE(Cumulative_rate_figures!J19:J26) -> 171.07941 | D28: =STDEV(Cumulative_rate_figures!J19:J26)/SQRT(COUNT(Cumulative_rate_figures!J19:J26)) -> 5.9242569
A29: CRREL | B29: 26 | C29: =AVERAGE(Cumulative_rate_figures!K3:K10) -> 47.729324 | D29: =STDEV(Cumulative_rate_figures!K3:K10)/SQRT(COUNT(Cumulative_rate_figures!K3:K10)) -> 7.3886922
A30: FL | B30: 26 | C30: =AVERAGE(Cumulative_rate_figures!K11:K18) -> 360.11562 | D30: =STDEV(Cumulative_rate_figures!K11:K18)/SQRT(COUNT(Cumulative_rate_figures!K11:K18)) -> 67.438034
A31: Ut | B31: 26 | C31: =AVERAGE(Cumulative_rate_figures!K19:K26) -> 193.51947 | D31: =STDEV(Cumulative_rate_figures!K19:K26)/SQRT(COUNT(Cumulative_rate_figures!K19:K26)) -> 7.551852
A32: CRREL | B32: 30 | C32: =AVERAGE(Cumulative_rate_figures!L3:L10) -> 63.280967 | D32: =STDEV(Cumulative_rate_figures!L3:L10)/SQRT(COUNT(Cumulative_rate_figures!L3:L10)) -> 9.9122218
A33: FL | B33: 30 | C33: =AVERAGE(Cumulative_rate_figures!$L$11:$L$18) -> 399.54091 | D33: =STDEV(Cumulative_rate_figures!L11:L18)/SQRT(COUNT(Cumulative_rate_figures!L11:L18)) -> 71.891232
A34: Ut | B34: 30 | C34: =AVERAGE(Cumulative_rate_figures!$L$19:$L$26) -> 216.29813 | D34: =STDEV(Cumulative_rate_figures!L19:L26)/SQRT(COUNT(Cumulative_rate_figures!L19:L26)) -> 9.9589564
A35: CRREL | B35: 36 | C35: =AVERAGE(Cumulative_rate_figures!$M$3:$M$10) -> 81.361964 | D35: =STDEV(Cumulative_rate_figures!M3:M10)/SQRT(COUNT(Cumulative_rate_figures!M3:M10)) -> 10.584663
A36: FL | B36: 36 | C36: =AVERAGE(Cumulative_rate_figures!$M$11:$M$18) -> 476.86473 | D36: =STDEV(Cumulative_rate_figures!M11:M18)/SQRT(COUNT(Cumulative_rate_figures!M11:M18)) -> 78.713719
A37: Ut | B37: 36 | C37: =AVERAGE(Cumulative_rate_figures!$M$19:$M$26) -> 246.00927 | D37: =STDEV(Cumulative_rate_figures!M19:M26)/SQRT(COUNT(Cumulative_rate_figures!M19:M26)) -> 15.026226
A38: CRREL | B38: 44 | C38: =AVERAGE(Cumulative_rate_figures!$N$3:$N$10) -> 99.525799 | D38: =STDEV(Cumulative_rate_figures!N3:N10)/SQRT(COUNT(Cumulative_rate_figures!N3:N10)) -> 10.338368
A39: FL | B39: 44 | C39: =AVERAGE(Cumulative_rate_figures!$N$11:$N$18) -> 566.15943 | D39: =STDEV(Cumulative_rate_figures!N11:N18)/SQRT(COUNT(Cumulative_rate_figures!N11:N18)) -> 91.903471
A40: Ut | B40: 44 | C40: =AVERAGE(Cumulative_rate_figures!$N$19:$N$26) -> 283.95778 | D40: =STDEV(Cumulative_rate_figures!N19:N26)/SQRT(COUNT(Cumulative_rate_figures!N19:N26)) -> 22.225906
A41: CRREL | B41: 51 | C41: =AVERAGE(Cumulative_rate_figures!$O$3:$O$10) -> 110.47253 | D41: =STDEV(Cumulative_rate_figures!O3:O10)/SQRT(COUNT(Cumulative_rate_figures!O3:O10)) -> 10.417984
A42: FL | B42: 51 | C42: =AVERAGE(Cumulative_rate_figures!$O$11:$O$18) -> 641.33111 | D42: =STDEV(Cumulative_rate_figures!O11:O18)/SQRT(COUNT(Cumulative_rate_figures!O11:O18)) -> 102.20077
A43: Ut | B43: 51 | C43: =AVERAGE(Cumulative_rate_figures!$O$19:$O$26) -> 325.43133 | D43: =STDEV(Cumulative_rate_figures!O19:O26)/SQRT(COUNT(Cumulative_rate_figures!O19:O26)) -> 29.703642
A44: CRREL | B44: 58 | C44: =AVERAGE(Cumulative_rate_figures!$P$3:$P$10) -> 118.30771 | D44: =STDEV(Cumulative_rate_figures!P3:P10)/SQRT(COUNT(Cumulative_rate_figures!P3:P10)) -> 10.776543
A45: FL | B45: 58 | C45: =AVERAGE(Cumulative_rate_figures!$P$11:$P$18) -> 713.30783 | D45: =STDEV(Cumulative_rate_figures!P11:P18)/SQRT(COUNT(Cumulative_rate_figures!P11:P18)) -> 110.45635
A46: Ut | B46: 58 | C46: =AVERAGE(Cumulative_rate_figures!$P$19:$P$26) -> 366.38164 | D46: =STDEV(Cumulative_rate_figures!P19:P26)/SQRT(COUNT(Cumulative_rate_figures!P19:P26)) -> 39.319146
A47: CRREL | B47: 65 | C47: =AVERAGE(Cumulative_rate_figures!$Q$3:$Q$10) -> 124.67638 | D47: =STDEV(Cumulative_rate_figures!Q3:Q10)/SQRT(COUNT(Cumulative_rate_figures!Q3:Q10)) -> 11.353065
A48: FL | B48: 65 | C48: =AVERAGE(Cumulative_rate_figures!$Q$11:$Q$19) -> 761.21347 | D48: =STDEV(Cumulative_rate_figures!Q11:Q19)/SQRT(COUNT(Cumulative_rate_figures!Q11:Q19)) -> 105.70695
A49: Ut | B49: 65 | C49: =AVERAGE(Cumulative_rate_figures!$Q$19:$Q$26) -> 414.80771 | D49: =STDEV(Cumulative_rate_figures!Q19:Q26)/SQRT(COUNT(Cumulative_rate_figures!Q19:Q26)) -> 53.483326
A50: CRREL | B50: 74 | C50: =AVERAGE(Cumulative_rate_figures!$R$3:$R$10) -> 131.70194 | D50: =STDEV(Cumulative_rate_figures!R3:R10)/SQRT(COUNT(Cumulative_rate_figures!R3:R10)) -> 11.968165
A51: FL | B51: 74 | C51: =AVERAGE(Cumulative_rate_figures!$R$11:$R$19) -> 844.39703 | D51: =STDEV(Cumulative_rate_figures!R11:R19)/SQRT(COUNT(Cumulative_rate_figures!R11:R19)) -> 112.72481
A52: Ut | B52: 74 | C52: =AVERAGE(Cumulative_rate_figures!$R$19:$R$26) -> 476.52449 | D52: =STDEV(Cumulative_rate_figures!R19:R26)/SQRT(COUNT(Cumulative_rate_figures!R19:R26)) -> 69.800289
A53: CRREL | B53: 83 | C53: =AVERAGE(Cumulative_rate_figures!$S$3:$S$10) -> 138.71606 | D53: =STDEV(Cumulative_rate_figures!S3:S10)/SQRT(COUNT(Cumulative_rate_figures!S3:S10)) -> 12.674962
A54: FL | B54: 83 | C54: =AVERAGE(Cumulative_rate_figures!$S$11:$S$18) -> 935.73489 | D54: =STDEV(Cumulative_rate_figures!S11:S18)/SQRT(COUNT(Cumulative_rate_figures!S11:S18)) -> 140.57591
A55: Ut | B55: 83 | C55: =AVERAGE(Cumulative_rate_figures!$S$19:$S$26) -> 540.5113 | D55: =STDEV(Cumulative_rate_figures!S19:S26)/SQRT(COUNT(Cumulative_rate_figures!S19:S26)) -> 83.033896
A56: CRREL | B56: 92 | C56: =AVERAGE(Cumulative_rate_figures!$T$3:$T$10) -> 146.69423 | D56: =STDEV(Cumulative_rate_figures!T3:T10)/SQRT(COUNT(Cumulative_rate_figures!T3:T10)) -> 14.068615
A57: FL | B57: 92 | C57: =AVERAGE(Cumulative_rate_figures!$T$11:$T$18) -> 1011.4269 | D57: =STDEV(Cumulative_rate_figures!T11:T18)/SQRT(COUNT(Cumulative_rate_figures!T11:T18)) -> 149.87665
A58: Ut | B58: 92 | C58: =AVERAGE(Cumulative_rate_figures!$T$19:$T$26) -> 603.61352 | D58: =STDEV(Cumulative_rate_figures!T19:T26)/SQRT(COUNT(Cumulative_rate_figures!T19:T26)) -> 90.015605
A59: CRREL | B59: 96 | C59: =AVERAGE(Cumulative_rate_figures!$U$3:$U$10) -> 150.65021 | D59: =STDEV(Cumulative_rate_figures!U3:U10)/SQRT(COUNT(Cumulative_rate_figures!U3:U10)) -> 14.539008
A60: FL | B60: 96 | C60: =AVERAGE(Cumulative_rate_figures!$U$11:$U$18) -> 1054.7848 | D60: =STDEV(Cumulative_rate_figures!U11:U18)/SQRT(COUNT(Cumulative_rate_figures!U11:U18)) -> 154.08028
A61: Ut | B61: 96 | C61: =AVERAGE(Cumulative_rate_figures!$U$19:$U$26) -> 633.86141 | D61: =STDEV(Cumulative_rate_figures!U19:U26)/SQRT(COUNT(Cumulative_rate_figures!U19:U26)) -> 92.657812
